GISJOIN,STATE,COUNTY,TRACTA,TotalIncome_2010,OnetwentyfivekPlusincome_2010,BelowPoverty_2010,BelowPovertyPercent_2010,HighestIncomePercent_2010,TotalIncome_2015,OnetwentyfivekPlusIncome_2015,BelowPoverty_2015,BelowPovertyPercent_2015
G0400130010101,Arizona,Maricopa County,10101,1591.00,189.00,156.00,10.00,11.88,1612.00,67.00,214.00,13.28
G0400130010102,Arizona,Maricopa County,10102,2015.00,323.00,142.00,7.05,16.03,2026.00,380.00,157.00,7.75
G0400130030401,Arizona,Maricopa County,30401,1909.00,545.00,34.00,1.78,28.55,1895.00,533.00,109.00,5.75
G0400130030402,Arizona,Maricopa County,30402,2651.00,293.00,407.00,15.35,11.05,2746.00,289.00,489.00,17.81
G0400130040502,Arizona,Maricopa County,40502,634.00,29.00,83.00,13.09,4.57,695.00,68.00,140.00,20.14
G0400130040506,Arizona,Maricopa County,40506,478.00,0.00,197.00,41.21,0.00,603.00,38.00,234.00,38.81
G0400130040507,Arizona,Maricopa County,40507,1570.00,87.00,504.00,32.10,5.54,1585.00,27.00,668.00,42.15
G0400130040512,Arizona,Maricopa County,40512,1923.00,492.00,258.00,13.42,25.59,1875.00,452.00,83.00,4.43
G0400130040513,Arizona,Maricopa County,40513,1737.00,384.00,234.00,13.47,22.11,1722.00,369.00,155.00,9.00
G0400130040514,Arizona,Maricopa County,40514,1229.00,37.00,502.00,40.85,3.01,1132.00,14.00,720.00,63.60
G0400130040515,Arizona,Maricopa County,40515,694.00,124.00,159.00,22.91,17.87,845.00,239.00,187.00,22.13
G0400130040516,Arizona,Maricopa County,40516,2314.00,336.00,118.00,5.10,14.52,2130.00,269.00,217.00,10.19
G0400130040517,Arizona,Maricopa County,40517,2350.00,946.00,250.00,10.64,40.26,2264.00,697.00,97.00,4.28
G0400130040518,Arizona,Maricopa County,40518,2009.00,264.00,180.00,8.96,13.14,2067.00,183.00,235.00,11.37
G0400130040519,Arizona,Maricopa County,40519,1096.00,130.00,106.00,9.67,11.86,1247.00,123.00,85.00,6.82
G0400130040520,Arizona,Maricopa County,40520,1649.00,99.00,130.00,7.88,6.00,1611.00,124.00,279.00,17.32
G0400130040521,Arizona,Maricopa County,40521,1666.00,151.00,319.00,19.15,9.06,1626.00,91.00,383.00,23.55
G0400130040522,Arizona,Maricopa County,40522,701.00,128.00,43.00,6.13,18.26,835.00,137.00,93.00,11.14
G0400130040523,Arizona,Maricopa County,40523,1695.00,232.00,379.00,22.36,13.69,1626.00,226.00,231.00,14.21
G0400130040524,Arizona,Maricopa County,40524,756.00,189.00,40.00,5.29,25.00,793.00,172.00,57.00,7.19
G0400130040525,Arizona,Maricopa County,40525,1422.00,412.00,131.00,9.21,28.97,1392.00,342.00,160.00,11.49
G0400130040526,Arizona,Maricopa County,40526,1074.00,608.00,20.00,1.86,56.61,1004.00,564.00,75.00,7.47
G0400130040527,Arizona,Maricopa County,40527,1601.00,400.00,205.00,12.80,24.98,1644.00,511.00,219.00,13.32
G0400130040528,Arizona,Maricopa County,40528,1544.00,325.00,216.00,13.99,21.05,1440.00,280.00,115.00,7.99
G0400130040529,Arizona,Maricopa County,40529,1214.00,328.00,154.00,12.69,27.02,1245.00,295.00,133.00,10.68
G0400130040530,Arizona,Maricopa County,40530,2607.00,208.00,461.00,17.68,7.98,2682.00,170.00,681.00,25.39
G0400130040531,Arizona,Maricopa County,40531,2079.00,709.00,217.00,10.44,34.10,2089.00,640.00,66.00,3.16
G0400130050603,Arizona,Maricopa County,50603,1184.00,109.00,342.00,28.89,9.21,1205.00,82.00,393.00,32.61
G0400130050604,Arizona,Maricopa County,50604,1538.00,253.00,157.00,10.21,16.45,1592.00,316.00,135.00,8.48
G0400130050605,Arizona,Maricopa County,50605,1191.00,137.00,231.00,19.40,11.50,1214.00,270.00,207.00,17.05
G0400130050606,Arizona,Maricopa County,50606,1269.00,180.00,120.00,9.46,14.18,1235.00,180.00,238.00,19.27
G0400130050607,Arizona,Maricopa County,50607,2104.00,638.00,83.00,3.94,30.32,2466.00,831.00,232.00,9.41
G0400130050608,Arizona,Maricopa County,50608,1944.00,60.00,422.00,21.71,3.09,1942.00,164.00,290.00,14.93
G0400130050609,Arizona,Maricopa County,50609,1341.00,254.00,135.00,10.07,18.94,2064.00,384.00,188.00,9.11
G0400130050610,Arizona,Maricopa County,50610,1435.00,196.00,237.00,16.52,13.66,1280.00,143.00,222.00,17.34
G0400130050611,Arizona,Maricopa County,50611,992.00,191.00,169.00,17.04,19.25,1039.00,91.00,248.00,23.87
G0400130050701,Arizona,Maricopa County,50701,2827.00,346.00,360.00,12.73,12.24,2596.00,368.00,252.00,9.71
G0400130050702,Arizona,Maricopa County,50702,1485.00,619.00,142.00,9.56,41.68,1263.00,483.00,122.00,9.66
G0400130060801,Arizona,Maricopa County,60801,508.00,91.00,50.00,9.84,17.91,634.00,84.00,107.00,16.88
G0400130060802,Arizona,Maricopa County,60802,1947.00,67.00,402.00,20.65,3.44,1893.00,126.00,439.00,23.19
G0400130060901,Arizona,Maricopa County,60901,2265.00,407.00,493.00,21.77,17.97,2294.00,407.00,344.00,15.00
G0400130060902,Arizona,Maricopa County,60902,2238.00,429.00,270.00,12.06,19.17,2178.00,343.00,370.00,16.99
G0400130060903,Arizona,Maricopa County,60903,1582.00,281.00,255.00,16.12,17.76,1457.00,249.00,176.00,12.08
G0400130060904,Arizona,Maricopa County,60904,1019.00,215.00,156.00,15.31,21.10,1459.00,64.00,266.00,18.23
G0400130061009,Arizona,Maricopa County,61009,606.00,125.00,49.00,8.09,20.63,683.00,117.00,70.00,10.25
G0400130061010,Arizona,Maricopa County,61010,1770.00,362.00,189.00,10.68,20.45,1823.00,318.00,399.00,21.89
G0400130061011,Arizona,Maricopa County,61011,1503.00,271.00,169.00,11.24,18.03,1467.00,295.00,151.00,10.29
G0400130061012,Arizona,Maricopa County,61012,1202.00,284.00,203.00,16.89,23.63,1422.00,354.00,99.00,6.96
G0400130061013,Arizona,Maricopa County,61013,2195.00,280.00,244.00,11.12,12.76,2245.00,378.00,286.00,12.74
G0400130061014,Arizona,Maricopa County,61014,1915.00,946.00,99.00,5.17,49.40,2417.00,1382.00,144.00,5.96
G0400130061015,Arizona,Maricopa County,61015,3023.00,1007.00,309.00,10.22,33.31,3102.00,1271.00,120.00,3.87
G0400130061016,Arizona,Maricopa County,61016,1432.00,63.00,312.00,21.79,4.40,1887.00,136.00,434.00,23.00
G0400130061017,Arizona,Maricopa County,61017,1131.00,307.00,128.00,11.32,27.14,1035.00,167.00,50.00,4.83
G0400130061018,Arizona,Maricopa County,61018,1648.00,444.00,86.00,5.22,26.94,2063.00,541.00,237.00,11.49
G0400130061019,Arizona,Maricopa County,61019,1032.00,414.00,85.00,8.24,40.12,1003.00,380.00,92.00,9.17
G0400130061020,Arizona,Maricopa County,61020,1594.00,913.00,212.00,13.30,57.28,1441.00,728.00,83.00,5.76
G0400130061021,Arizona,Maricopa County,61021,1285.00,700.00,33.00,2.57,54.47,1347.00,632.00,42.00,3.12
G0400130061022,Arizona,Maricopa County,61022,1067.00,480.00,22.00,2.06,44.99,1315.00,625.00,94.00,7.15
G0400130061023,Arizona,Maricopa County,61023,1751.00,732.00,152.00,8.68,41.80,1779.00,843.00,76.00,4.27
G0400130061024,Arizona,Maricopa County,61024,2060.00,692.00,194.00,9.42,33.59,2102.00,663.00,249.00,11.85
G0400130061025,Arizona,Maricopa County,61025,1584.00,694.00,76.00,4.80,43.81,1491.00,681.00,99.00,6.64
G0400130061026,Arizona,Maricopa County,61026,2660.00,526.00,168.00,6.32,19.77,2480.00,630.00,283.00,11.41
G0400130061027,Arizona,Maricopa County,61027,827.00,228.00,105.00,12.70,27.57,766.00,199.00,33.00,4.31
G0400130061028,Arizona,Maricopa County,61028,1731.00,985.00,87.00,5.03,56.90,1585.00,841.00,47.00,2.97
G0400130061029,Arizona,Maricopa County,61029,866.00,92.00,45.00,5.20,10.62,808.00,109.00,43.00,5.32
G0400130061030,Arizona,Maricopa County,61030,2972.00,430.00,492.00,16.55,14.47,2675.00,383.00,195.00,7.29
G0400130061031,Arizona,Maricopa County,61031,1739.00,178.00,226.00,13.00,10.24,1827.00,201.00,245.00,13.41
G0400130061032,Arizona,Maricopa County,61032,1189.00,252.00,86.00,7.23,21.19,1151.00,337.00,72.00,6.26
G0400130061033,Arizona,Maricopa County,61033,3102.00,774.00,216.00,6.96,24.95,3055.00,693.00,206.00,6.74
G0400130061034,Arizona,Maricopa County,61034,1267.00,178.00,216.00,17.05,14.05,1240.00,275.00,113.00,9.11
G0400130061035,Arizona,Maricopa County,61035,2375.00,268.00,618.00,26.02,11.28,2453.00,271.00,700.00,28.54
G0400130061036,Arizona,Maricopa County,61036,1428.00,419.00,132.00,9.24,29.34,2275.00,549.00,372.00,16.35
G0400130061037,Arizona,Maricopa County,61037,1362.00,264.00,87.00,6.39,19.38,1493.00,291.00,130.00,8.71
G0400130061038,Arizona,Maricopa County,61038,983.00,258.00,83.00,8.44,26.25,1045.00,344.00,59.00,5.65
G0400130061039,Arizona,Maricopa County,61039,258.00,39.00,149.00,57.75,15.12,508.00,127.00,156.00,30.71
G0400130061040,Arizona,Maricopa County,61040,884.00,42.00,489.00,55.32,4.75,997.00,63.00,420.00,42.13
G0400130061041,Arizona,Maricopa County,61041,383.00,0.00,304.00,79.37,0.00,272.00,2.00,178.00,65.44
G0400130061042,Arizona,Maricopa County,61042,0.00,0.00,0.00,0.00,0.00,0.00,0.00,0.00,#DIV/0!
G0400130061043,Arizona,Maricopa County,61043,584.00,0.00,148.00,25.34,0.00,314.00,26.00,80.00,25.48
G0400130061044,Arizona,Maricopa County,61044,800.00,16.00,263.00,32.88,2.00,880.00,32.00,242.00,27.50
G0400130061045,Arizona,Maricopa County,61045,2345.00,158.00,638.00,27.21,6.74,2938.00,54.00,808.00,27.50
G0400130061046,Arizona,Maricopa County,61046,908.00,8.00,399.00,43.94,0.88,1073.00,15.00,442.00,41.19
G0400130061047,Arizona,Maricopa County,61047,2233.00,58.00,536.00,24.00,2.60,2376.00,51.00,800.00,33.67
G0400130061100,Arizona,Maricopa County,61100,1750.00,274.00,154.00,8.80,15.66,1661.00,303.00,259.00,15.59
G0400130061200,Arizona,Maricopa County,61200,893.00,223.00,80.00,8.96,24.97,1285.00,181.00,106.00,8.25
G0400130061300,Arizona,Maricopa County,61300,1099.00,32.00,173.00,15.74,2.91,1184.00,31.00,228.00,19.26
G0400130061401,Arizona,Maricopa County,61401,1798.00,440.00,38.00,2.11,24.47,1826.00,499.00,110.00,6.02
G0400130061402,Arizona,Maricopa County,61402,939.00,74.00,288.00,30.67,7.88,1094.00,54.00,370.00,33.82
G0400130071503,Arizona,Maricopa County,71503,1614.00,222.00,73.00,4.52,13.75,2232.00,380.00,188.00,8.42
G0400130071504,Arizona,Maricopa County,71504,943.00,424.00,23.00,2.44,44.96,863.00,344.00,37.00,4.29
G0400130071505,Arizona,Maricopa County,71505,2081.00,598.00,425.00,20.42,28.74,2042.00,507.00,315.00,15.43
G0400130071506,Arizona,Maricopa County,71506,2206.00,888.00,329.00,14.91,40.25,2055.00,773.00,250.00,12.17
G0400130071509,Arizona,Maricopa County,71509,1789.00,647.00,105.00,5.87,36.17,1868.00,445.00,150.00,8.03
G0400130071510,Arizona,Maricopa County,71510,973.00,99.00,228.00,23.43,10.17,942.00,154.00,170.00,18.05
G0400130071511,Arizona,Maricopa County,71511,982.00,158.00,156.00,15.89,16.09,1035.00,111.00,137.00,13.24
G0400130071512,Arizona,Maricopa County,71512,850.00,466.00,9.00,1.06,54.82,792.00,430.00,10.00,1.26
G0400130071513,Arizona,Maricopa County,71513,2169.00,634.00,178.00,8.21,29.23,2257.00,461.00,86.00,3.81
G0400130071514,Arizona,Maricopa County,71514,1938.00,443.00,107.00,5.52,22.86,1771.00,337.00,120.00,6.78
G0400130071515,Arizona,Maricopa County,71515,1869.00,129.00,327.00,17.50,6.90,2110.00,104.00,421.00,19.95
G0400130071516,Arizona,Maricopa County,71516,574.00,60.00,100.00,17.42,10.45,783.00,47.00,66.00,8.43
G0400130071517,Arizona,Maricopa County,71517,1736.00,332.00,253.00,14.57,19.12,1729.00,319.00,149.00,8.62
G0400130071600,Arizona,Maricopa County,71600,3021.00,142.00,691.00,22.87,4.70,3122.00,138.00,617.00,19.76
G0400130071701,Arizona,Maricopa County,71701,1370.00,153.00,51.00,3.72,11.17,1587.00,247.00,182.00,11.47
G0400130071702,Arizona,Maricopa County,71702,953.00,113.00,104.00,10.91,11.86,1265.00,210.00,240.00,18.97
G0400130071801,Arizona,Maricopa County,71801,1787.00,418.00,76.00,4.25,23.39,1616.00,589.00,78.00,4.83
G0400130071802,Arizona,Maricopa County,71802,1663.00,518.00,98.00,5.89,31.15,1566.00,589.00,125.00,7.98
G0400130071903,Arizona,Maricopa County,71903,14.00,14.00,0.00,0.00,100.00,22.00,0.00,0.00,0.00
G0400130071906,Arizona,Maricopa County,71906,1837.00,381.00,122.00,6.64,20.74,2120.00,621.00,88.00,4.15
G0400130071909,Arizona,Maricopa County,71909,1509.00,480.00,87.00,5.77,31.81,1435.00,528.00,31.00,2.16
G0400130071910,Arizona,Maricopa County,71910,969.00,323.00,86.00,8.88,33.33,947.00,377.00,21.00,2.22
G0400130071911,Arizona,Maricopa County,71911,1422.00,95.00,368.00,25.88,6.68,1446.00,154.00,348.00,24.07
G0400130071912,Arizona,Maricopa County,71912,1234.00,326.00,44.00,3.57,26.42,1590.00,286.00,101.00,6.35
G0400130071913,Arizona,Maricopa County,71913,2216.00,157.00,500.00,22.56,7.08,2148.00,162.00,469.00,21.83
G0400130071914,Arizona,Maricopa County,71914,1373.00,92.00,397.00,28.91,6.70,1475.00,44.00,314.00,21.29
G0400130071915,Arizona,Maricopa County,71915,686.00,0.00,265.00,38.63,0.00,725.00,9.00,313.00,43.17
G0400130082002,Arizona,Maricopa County,82002,2020.00,174.00,259.00,12.82,8.61,1867.00,242.00,211.00,11.30
G0400130082007,Arizona,Maricopa County,82007,1630.00,160.00,243.00,14.91,9.82,1402.00,200.00,216.00,15.41
G0400130082008,Arizona,Maricopa County,82008,1030.00,152.00,67.00,6.50,14.76,980.00,132.00,82.00,8.37
G0400130082009,Arizona,Maricopa County,82009,2017.00,314.00,169.00,8.38,15.57,2063.00,316.00,303.00,14.69
G0400130082010,Arizona,Maricopa County,82010,2208.00,301.00,230.00,10.42,13.63,2207.00,433.00,249.00,11.28
G0400130082012,Arizona,Maricopa County,82012,634.00,210.00,46.00,7.26,33.12,652.00,221.00,73.00,11.20
G0400130082016,Arizona,Maricopa County,82016,1279.00,30.00,630.00,49.26,2.35,1375.00,9.00,439.00,31.93
G0400130082017,Arizona,Maricopa County,82017,1302.00,85.00,237.00,18.20,6.53,1273.00,22.00,271.00,21.29
G0400130082018,Arizona,Maricopa County,82018,0.00,0.00,0.00,0.00,0.00,0.00,0.00,0.00,#DIV/0!
G0400130082019,Arizona,Maricopa County,82019,1654.00,16.00,1183.00,71.52,0.97,1612.00,13.00,1028.00,63.77
G0400130082020,Arizona,Maricopa County,82020,845.00,21.00,410.00,48.52,2.49,832.00,40.00,345.00,41.47
G0400130082021,Arizona,Maricopa County,82021,704.00,75.00,302.00,42.90,10.65,658.00,27.00,311.00,47.26
G0400130082022,Arizona,Maricopa County,82022,1170.00,78.00,176.00,15.04,6.67,1246.00,32.00,237.00,19.02
G0400130082023,Arizona,Maricopa County,82023,1378.00,86.00,172.00,12.48,6.24,1532.00,69.00,436.00,28.46
G0400130082024,Arizona,Maricopa County,82024,1987.00,22.00,655.00,32.96,1.11,1854.00,88.00,643.00,34.68
G0400130082025,Arizona,Maricopa County,82025,1635.00,60.00,472.00,28.87,3.67,1567.00,57.00,578.00,36.89
G0400130082026,Arizona,Maricopa County,82026,2266.00,290.00,450.00,19.86,12.80,2135.00,275.00,488.00,22.86
G0400130082027,Arizona,Maricopa County,82027,1813.00,40.00,375.00,20.68,2.21,1665.00,49.00,858.00,51.53
G0400130082028,Arizona,Maricopa County,82028,720.00,0.00,371.00,51.53,0.00,777.00,26.00,381.00,49.03
G0400130082203,Arizona,Maricopa County,82203,1251.00,79.00,289.00,23.10,6.31,1100.00,17.00,619.00,56.27
G0400130082204,Arizona,Maricopa County,82204,1024.00,66.00,219.00,21.39,6.45,978.00,47.00,337.00,34.46
G0400130082205,Arizona,Maricopa County,82205,1723.00,87.00,362.00,21.01,5.05,1703.00,39.00,584.00,34.29
G0400130082206,Arizona,Maricopa County,82206,1168.00,68.00,129.00,11.04,5.82,1211.00,68.00,197.00,16.27
G0400130082207,Arizona,Maricopa County,82207,1013.00,30.00,246.00,24.28,2.96,1047.00,28.00,273.00,26.07
G0400130082208,Arizona,Maricopa County,82208,1420.00,72.00,759.00,53.45,5.07,1536.00,85.00,808.00,52.60
G0400130082209,Arizona,Maricopa County,82209,516.00,31.00,92.00,17.83,6.01,463.00,4.00,77.00,16.63
G0400130082210,Arizona,Maricopa County,82210,1493.00,224.00,237.00,15.87,15.00,1499.00,248.00,256.00,17.08
G0400130082211,Arizona,Maricopa County,82211,1714.00,560.00,104.00,6.07,32.67,1597.00,558.00,174.00,10.90
G0400130083000,Arizona,Maricopa County,83000,1588.00,486.00,17.00,1.07,30.60,2573.00,823.00,113.00,4.39
G0400130092305,Arizona,Maricopa County,92305,907.00,43.00,189.00,20.84,4.74,827.00,91.00,169.00,20.44
G0400130092306,Arizona,Maricopa County,92306,1113.00,30.00,229.00,20.58,2.70,1124.00,59.00,358.00,31.85
G0400130092307,Arizona,Maricopa County,92307,813.00,143.00,252.00,31.00,17.59,849.00,155.00,197.00,23.20
G0400130092308,Arizona,Maricopa County,92308,1929.00,114.00,488.00,25.30,5.91,1927.00,204.00,565.00,29.32
G0400130092309,Arizona,Maricopa County,92309,1189.00,109.00,105.00,8.83,9.17,1383.00,161.00,186.00,13.45
G0400130092311,Arizona,Maricopa County,92311,1526.00,302.00,213.00,13.96,19.79,1397.00,285.00,183.00,13.10
G0400130092312,Arizona,Maricopa County,92312,903.00,289.00,89.00,9.86,32.00,777.00,235.00,90.00,11.58
G0400130092401,Arizona,Maricopa County,92401,1179.00,113.00,245.00,20.78,9.58,1109.00,184.00,203.00,18.30
G0400130092402,Arizona,Maricopa County,92402,1407.00,146.00,425.00,30.21,10.38,1301.00,40.00,535.00,41.12
G0400130092500,Arizona,Maricopa County,92500,1547.00,139.00,381.00,24.63,8.99,1491.00,112.00,303.00,20.32
G0400130092600,Arizona,Maricopa County,92600,2226.00,570.00,139.00,6.24,25.61,1991.00,616.00,90.00,4.52
G0400130092705,Arizona,Maricopa County,92705,1522.00,111.00,648.00,42.58,7.29,1599.00,155.00,684.00,42.78
G0400130092708,Arizona,Maricopa County,92708,2311.00,376.00,537.00,23.24,16.27,2216.00,346.00,581.00,26.22
G0400130092709,Arizona,Maricopa County,92709,1378.00,195.00,104.00,7.55,14.15,1305.00,251.00,89.00,6.82
G0400130092710,Arizona,Maricopa County,92710,1828.00,265.00,248.00,13.57,14.50,1683.00,128.00,260.00,15.45
G0400130092711,Arizona,Maricopa County,92711,790.00,163.00,43.00,5.44,20.63,813.00,90.00,112.00,13.78
G0400130092712,Arizona,Maricopa County,92712,1114.00,113.00,146.00,13.11,10.14,1161.00,159.00,130.00,11.20
G0400130092713,Arizona,Maricopa County,92713,2335.00,338.00,652.00,27.92,14.48,2176.00,333.00,473.00,21.74
G0400130092715,Arizona,Maricopa County,92715,994.00,33.00,202.00,20.32,3.32,1122.00,16.00,405.00,36.10
G0400130092716,Arizona,Maricopa County,92716,965.00,26.00,332.00,34.40,2.69,945.00,13.00,443.00,46.88
G0400130092717,Arizona,Maricopa County,92717,1909.00,126.00,534.00,27.97,6.60,1892.00,39.00,860.00,45.45
G0400130092718,Arizona,Maricopa County,92718,552.00,0.00,11.00,1.99,0.00,579.00,18.00,90.00,15.54
G0400130092719,Arizona,Maricopa County,92719,1162.00,688.00,60.00,5.16,59.21,1103.00,695.00,33.00,2.99
G0400130092720,Arizona,Maricopa County,92720,951.00,433.00,77.00,8.10,45.53,979.00,354.00,59.00,6.03
G0400130092721,Arizona,Maricopa County,92721,1858.00,787.00,229.00,12.33,42.36,1831.00,675.00,150.00,8.19
G0400130092723,Arizona,Maricopa County,92723,2111.00,324.00,193.00,9.14,15.35,1758.00,384.00,242.00,13.77
G0400130092724,Arizona,Maricopa County,92724,433.00,41.00,27.00,6.24,9.47,702.00,70.00,77.00,10.97
G0400130092801,Arizona,Maricopa County,92801,1188.00,499.00,94.00,7.91,42.00,1375.00,596.00,79.00,5.75
G0400130092802,Arizona,Maricopa County,92802,1713.00,93.00,459.00,26.80,5.43,2158.00,85.00,808.00,37.44
G0400130092900,Arizona,Maricopa County,92900,1703.00,220.00,107.00,6.28,12.92,1558.00,222.00,168.00,10.78
G0400130093001,Arizona,Maricopa County,93001,1689.00,73.00,493.00,29.19,4.32,1769.00,74.00,712.00,40.25
G0400130093002,Arizona,Maricopa County,93002,1601.00,155.00,164.00,10.24,9.68,1681.00,128.00,329.00,19.57
G0400130093101,Arizona,Maricopa County,93101,3005.00,227.00,632.00,21.03,7.55,3165.00,151.00,384.00,12.13
G0400130093104,Arizona,Maricopa County,93104,541.00,8.00,248.00,45.84,1.48,543.00,17.00,335.00,61.69
G0400130093105,Arizona,Maricopa County,93105,719.00,96.00,4.00,0.56,13.35,1276.00,75.00,72.00,5.64
G0400130093106,Arizona,Maricopa County,93106,2042.00,523.00,115.00,5.63,25.61,2544.00,409.00,269.00,10.57
G0400130093200,Arizona,Maricopa County,93200,2608.00,499.00,247.00,9.47,19.13,2740.00,607.00,190.00,6.93
G0400130103205,Arizona,Maricopa County,103205,1286.00,418.00,35.00,2.72,32.50,1335.00,532.00,70.00,5.24
G0400130103206,Arizona,Maricopa County,103206,1196.00,73.00,492.00,41.14,6.10,981.00,0.00,411.00,41.90
G0400130103207,Arizona,Maricopa County,103207,1004.00,65.00,308.00,30.68,6.47,999.00,0.00,286.00,28.63
G0400130103208,Arizona,Maricopa County,103208,1700.00,17.00,321.00,18.88,1.00,1471.00,84.00,347.00,23.59
G0400130103209,Arizona,Maricopa County,103209,1528.00,222.00,263.00,17.21,14.53,1362.00,174.00,176.00,12.92
G0400130103210,Arizona,Maricopa County,103210,1188.00,353.00,105.00,8.84,29.71,1495.00,490.00,59.00,3.95
G0400130103211,Arizona,Maricopa County,103211,1623.00,688.00,80.00,4.93,42.39,1692.00,624.00,165.00,9.75
G0400130103212,Arizona,Maricopa County,103212,2499.00,427.00,103.00,4.12,17.09,3372.00,447.00,461.00,13.67
G0400130103214,Arizona,Maricopa County,103214,2027.00,224.00,163.00,8.04,11.05,1817.00,260.00,248.00,13.65
G0400130103215,Arizona,Maricopa County,103215,2208.00,683.00,220.00,9.96,30.93,2415.00,506.00,187.00,7.74
G0400130103216,Arizona,Maricopa County,103216,552.00,184.00,0.00,0.00,33.33,589.00,166.00,35.00,5.94
G0400130103217,Arizona,Maricopa County,103217,626.00,209.00,0.00,0.00,33.39,844.00,291.00,34.00,4.03
G0400130103219,Arizona,Maricopa County,103219,2100.00,388.00,408.00,19.43,18.48,1817.00,268.00,221.00,12.16
G0400130103220,Arizona,Maricopa County,103220,1337.00,244.00,54.00,4.04,18.25,1348.00,229.00,286.00,21.22
G0400130103302,Arizona,Maricopa County,103302,1679.00,543.00,91.00,5.42,32.34,1749.00,595.00,58.00,3.32
G0400130103303,Arizona,Maricopa County,103303,2005.00,384.00,167.00,8.33,19.15,3494.00,502.00,274.00,7.84
G0400130103304,Arizona,Maricopa County,103304,2145.00,484.00,133.00,6.20,22.56,2585.00,399.00,266.00,10.29
G0400130103305,Arizona,Maricopa County,103305,3119.00,226.00,594.00,19.04,7.25,2960.00,173.00,597.00,20.17
G0400130103306,Arizona,Maricopa County,103306,1407.00,456.00,14.00,1.00,32.41,2621.00,745.00,268.00,10.23
G0400130103400,Arizona,Maricopa County,103400,1792.00,117.00,390.00,21.76,6.53,1828.00,140.00,553.00,30.25
G0400130103501,Arizona,Maricopa County,103501,589.00,274.00,20.00,3.40,46.52,1613.00,552.00,96.00,5.95
G0400130103502,Arizona,Maricopa County,103502,2500.00,207.00,363.00,14.52,8.28,2197.00,113.00,349.00,15.89
G0400130103604,Arizona,Maricopa County,103604,2274.00,84.00,788.00,34.65,3.69,2207.00,129.00,643.00,29.13
G0400130103605,Arizona,Maricopa County,103605,1540.00,176.00,297.00,19.29,11.43,1568.00,187.00,167.00,10.65
G0400130103606,Arizona,Maricopa County,103606,1801.00,375.00,24.00,1.33,20.82,1721.00,569.00,122.00,7.09
G0400130103607,Arizona,Maricopa County,103607,540.00,167.00,10.00,1.85,30.93,684.00,314.00,16.00,2.34
G0400130103608,Arizona,Maricopa County,103608,1964.00,738.00,147.00,7.48,37.58,1788.00,664.00,109.00,6.10
G0400130103609,Arizona,Maricopa County,103609,3059.00,266.00,256.00,8.37,8.70,2728.00,214.00,346.00,12.68
G0400130103611,Arizona,Maricopa County,103611,2303.00,68.00,485.00,21.06,2.95,2153.00,136.00,391.00,18.16
G0400130103612,Arizona,Maricopa County,103612,964.00,285.00,36.00,3.73,29.56,1258.00,310.00,153.00,12.16
G0400130103614,Arizona,Maricopa County,103614,577.00,8.00,270.00,46.79,1.39,752.00,0.00,332.00,44.15
G0400130103615,Arizona,Maricopa County,103615,715.00,55.00,120.00,16.78,7.69,605.00,7.00,108.00,17.85
G0400130103701,Arizona,Maricopa County,103701,1799.00,183.00,502.00,27.90,10.17,1755.00,161.00,551.00,31.40
G0400130103702,Arizona,Maricopa County,103702,2845.00,300.00,428.00,15.04,10.54,2635.00,492.00,505.00,19.17
G0400130103900,Arizona,Maricopa County,103900,1833.00,122.00,443.00,24.17,6.66,2169.00,68.00,608.00,28.03
G0400130104000,Arizona,Maricopa County,104000,49.00,13.00,25.00,51.02,26.53,42.00,0.00,18.00,42.86
G0400130104100,Arizona,Maricopa County,104100,872.00,234.00,53.00,6.08,26.83,882.00,251.00,63.00,7.14
G0400130104202,Arizona,Maricopa County,104202,1856.00,592.00,143.00,7.70,31.90,1687.00,604.00,101.00,5.99
G0400130104203,Arizona,Maricopa County,104203,0.00,0.00,0.00,0.00,0.00,15.00,0.00,11.00,73.33
G0400130104204,Arizona,Maricopa County,104204,2149.00,147.00,653.00,30.39,6.84,2201.00,136.00,647.00,29.40
G0400130104205,Arizona,Maricopa County,104205,2194.00,405.00,459.00,20.92,18.46,1942.00,280.00,413.00,21.27
G0400130104206,Arizona,Maricopa County,104206,1002.00,92.00,133.00,13.27,9.18,957.00,125.00,118.00,12.33
G0400130104207,Arizona,Maricopa County,104207,1620.00,101.00,560.00,34.57,6.23,1681.00,18.00,787.00,46.82
G0400130104212,Arizona,Maricopa County,104212,1801.00,115.00,547.00,30.37,6.39,2135.00,51.00,685.00,32.08
G0400130104214,Arizona,Maricopa County,104214,1468.00,105.00,141.00,9.60,7.15,1509.00,194.00,144.00,9.54
G0400130104215,Arizona,Maricopa County,104215,723.00,119.00,25.00,3.46,16.46,738.00,94.00,48.00,6.50
G0400130104216,Arizona,Maricopa County,104216,1134.00,94.00,75.00,6.61,8.29,1547.00,208.00,318.00,20.56
G0400130104217,Arizona,Maricopa County,104217,1530.00,215.00,147.00,9.61,14.05,1768.00,339.00,101.00,5.71
G0400130104218,Arizona,Maricopa County,104218,1404.00,195.00,148.00,10.54,13.89,1515.00,298.00,235.00,15.51
G0400130104219,Arizona,Maricopa County,104219,640.00,81.00,7.00,1.09,12.66,829.00,136.00,76.00,9.17
G0400130104221,Arizona,Maricopa County,104221,2669.00,450.00,175.00,6.56,16.86,2672.00,537.00,230.00,8.61
G0400130104222,Arizona,Maricopa County,104222,1990.00,329.00,240.00,12.06,16.53,1969.00,275.00,204.00,10.36
G0400130104223,Arizona,Maricopa County,104223,2004.00,245.00,433.00,21.61,12.23,2029.00,260.00,269.00,13.26
G0400130104224,Arizona,Maricopa County,104224,827.00,264.00,41.00,4.96,31.92,828.00,312.00,5.00,0.60
G0400130104225,Arizona,Maricopa County,104225,1660.00,33.00,510.00,30.72,1.99,1827.00,194.00,426.00,23.32
G0400130104226,Arizona,Maricopa County,104226,1285.00,146.00,351.00,27.32,11.36,1462.00,170.00,416.00,28.45
G0400130104227,Arizona,Maricopa County,104227,299.00,28.00,67.00,22.41,9.36,286.00,28.00,73.00,25.52
G0400130104301,Arizona,Maricopa County,104301,1619.00,65.00,260.00,16.06,4.01,1547.00,153.00,398.00,25.73
G0400130104302,Arizona,Maricopa County,104302,280.00,109.00,0.00,0.00,38.93,314.00,163.00,7.00,2.23
G0400130104401,Arizona,Maricopa County,104401,1182.00,864.00,26.00,2.20,73.10,1275.00,700.00,72.00,5.65
G0400130104402,Arizona,Maricopa County,104402,2464.00,942.00,156.00,6.33,38.23,2106.00,708.00,265.00,12.58
G0400130104501,Arizona,Maricopa County,104501,1569.00,373.00,110.00,7.01,23.77,1937.00,560.00,188.00,9.71
G0400130104502,Arizona,Maricopa County,104502,1827.00,599.00,143.00,7.83,32.79,1841.00,600.00,133.00,7.22
G0400130104600,Arizona,Maricopa County,104600,1073.00,90.00,310.00,28.89,8.39,1338.00,73.00,452.00,33.78
G0400130104701,Arizona,Maricopa County,104701,1697.00,792.00,106.00,6.25,46.67,1703.00,809.00,150.00,8.81
G0400130104702,Arizona,Maricopa County,104702,1162.00,558.00,86.00,7.40,48.02,1298.00,803.00,104.00,8.01
G0400130104801,Arizona,Maricopa County,104801,1430.00,189.00,182.00,12.73,13.22,1507.00,192.00,233.00,15.46
G0400130104802,Arizona,Maricopa County,104802,2635.00,284.00,254.00,9.64,10.78,2747.00,428.00,546.00,19.88
G0400130104900,Arizona,Maricopa County,104900,674.00,0.00,418.00,62.02,0.00,923.00,34.00,602.00,65.22
G0400130105002,Arizona,Maricopa County,105002,2414.00,261.00,461.00,19.10,10.81,2384.00,215.00,501.00,21.02
G0400130105003,Arizona,Maricopa County,105003,1622.00,834.00,111.00,6.84,51.42,1721.00,1014.00,247.00,14.35
G0400130105004,Arizona,Maricopa County,105004,2026.00,343.00,281.00,13.87,16.93,1797.00,265.00,291.00,16.19
G0400130105101,Arizona,Maricopa County,105101,1256.00,30.00,334.00,26.59,2.39,1319.00,66.00,351.00,26.61
G0400130105102,Arizona,Maricopa County,105102,1912.00,370.00,60.00,3.14,19.35,2641.00,481.00,451.00,17.08
G0400130105103,Arizona,Maricopa County,105103,1690.00,433.00,70.00,4.14,25.62,2263.00,926.00,185.00,8.17
G0400130105200,Arizona,Maricopa County,105200,564.00,0.00,216.00,38.30,0.00,757.00,36.00,253.00,33.42
G0400130105300,Arizona,Maricopa County,105300,1341.00,205.00,291.00,21.70,15.29,1483.00,135.00,257.00,17.33
G0400130105400,Arizona,Maricopa County,105400,1437.00,185.00,307.00,21.36,12.87,1458.00,145.00,350.00,24.01
G0400130105501,Arizona,Maricopa County,105501,1560.00,165.00,238.00,15.26,10.58,1669.00,137.00,199.00,11.92
G0400130105502,Arizona,Maricopa County,105502,1304.00,43.00,216.00,16.56,3.30,1519.00,57.00,383.00,25.21
G0400130105503,Arizona,Maricopa County,105503,782.00,160.00,111.00,14.19,20.46,795.00,217.00,70.00,8.81
G0400130105601,Arizona,Maricopa County,105601,2116.00,61.00,702.00,33.18,2.88,1941.00,95.00,561.00,28.90
G0400130105602,Arizona,Maricopa County,105602,790.00,12.00,297.00,37.59,1.52,817.00,67.00,282.00,34.52
G0400130105701,Arizona,Maricopa County,105701,930.00,100.00,102.00,10.97,10.75,1296.00,338.00,99.00,7.64
G0400130105702,Arizona,Maricopa County,105702,959.00,279.00,14.00,1.46,29.09,1023.00,301.00,60.00,5.87
G0400130105800,Arizona,Maricopa County,105800,991.00,127.00,109.00,11.00,12.82,1215.00,205.00,200.00,16.46
G0400130105900,Arizona,Maricopa County,105900,954.00,229.00,40.00,4.19,24.00,997.00,424.00,0.00,0.00
G0400130106001,Arizona,Maricopa County,106001,1364.00,377.00,161.00,11.80,27.64,1249.00,366.00,103.00,8.25
G0400130106002,Arizona,Maricopa County,106002,2355.00,207.00,212.00,9.00,8.79,2168.00,295.00,277.00,12.78
G0400130106003,Arizona,Maricopa County,106003,1853.00,176.00,218.00,11.76,9.50,1784.00,261.00,316.00,17.71
G0400130106100,Arizona,Maricopa County,106100,2287.00,34.00,716.00,31.31,1.49,2333.00,85.00,737.00,31.59
G0400130106200,Arizona,Maricopa County,106200,1661.00,135.00,207.00,12.46,8.13,1875.00,179.00,194.00,10.35
G0400130106300,Arizona,Maricopa County,106300,2765.00,142.00,478.00,17.29,5.14,3118.00,247.00,505.00,16.20
G0400130106400,Arizona,Maricopa County,106400,1547.00,213.00,337.00,21.78,13.77,1605.00,229.00,279.00,17.38
G0400130106501,Arizona,Maricopa County,106501,1556.00,406.00,171.00,10.99,26.09,1445.00,532.00,207.00,14.33
G0400130106502,Arizona,Maricopa County,106502,1385.00,53.00,230.00,16.61,3.83,1350.00,156.00,171.00,12.67
G0400130106600,Arizona,Maricopa County,106600,901.00,167.00,119.00,13.21,18.53,862.00,170.00,83.00,9.63
G0400130106701,Arizona,Maricopa County,106701,2152.00,114.00,506.00,23.51,5.30,2095.00,118.00,439.00,20.95
G0400130106702,Arizona,Maricopa County,106702,647.00,311.00,77.00,11.90,48.07,675.00,217.00,31.00,4.59
G0400130106703,Arizona,Maricopa County,106703,1149.00,146.00,98.00,8.53,12.71,1056.00,254.00,149.00,14.11
G0400130106801,Arizona,Maricopa County,106801,2394.00,211.00,338.00,14.12,8.81,2228.00,167.00,258.00,11.58
G0400130106802,Arizona,Maricopa County,106802,1840.00,322.00,136.00,7.39,17.50,1744.00,227.00,166.00,9.52
G0400130106900,Arizona,Maricopa County,106900,1515.00,54.00,483.00,31.88,3.56,1379.00,18.00,470.00,34.08
G0400130107000,Arizona,Maricopa County,107000,1820.00,585.00,97.00,5.33,32.14,1862.00,499.00,94.00,5.05
G0400130107101,Arizona,Maricopa County,107101,1461.00,137.00,254.00,17.39,9.38,1579.00,68.00,150.00,9.50
G0400130107102,Arizona,Maricopa County,107102,0.00,0.00,0.00,0.00,0.00,0.00,0.00,0.00,#DIV/0!
G0400130107201,Arizona,Maricopa County,107201,73.00,0.00,16.00,21.92,0.00,40.00,4.00,23.00,57.50
G0400130107202,Arizona,Maricopa County,107202,866.00,236.00,63.00,7.27,27.25,856.00,196.00,88.00,10.28
G0400130107300,Arizona,Maricopa County,107300,1146.00,251.00,114.00,9.95,21.90,1236.00,291.00,115.00,9.30
G0400130107400,Arizona,Maricopa County,107400,1592.00,278.00,326.00,20.48,17.46,1530.00,221.00,170.00,11.11
G0400130107500,Arizona,Maricopa County,107500,1132.00,153.00,102.00,9.01,13.52,1185.00,131.00,199.00,16.79
G0400130107601,Arizona,Maricopa County,107601,872.00,286.00,21.00,2.41,32.80,897.00,402.00,30.00,3.34
G0400130107602,Arizona,Maricopa County,107602,1070.00,325.00,42.00,3.93,30.37,1011.00,416.00,65.00,6.43
G0400130107700,Arizona,Maricopa County,107700,1824.00,346.00,115.00,6.30,18.97,1694.00,469.00,105.00,6.20
G0400130107800,Arizona,Maricopa County,107800,1705.00,258.00,224.00,13.14,15.13,1804.00,297.00,320.00,17.74
G0400130107900,Arizona,Maricopa County,107900,1986.00,156.00,514.00,25.88,7.85,1777.00,43.00,454.00,25.55
G0400130108000,Arizona,Maricopa County,108000,3579.00,293.00,549.00,15.34,8.19,3737.00,308.00,563.00,15.07
G0400130108100,Arizona,Maricopa County,108100,1447.00,347.00,176.00,12.16,23.98,1254.00,415.00,71.00,5.66
G0400130108200,Arizona,Maricopa County,108200,1337.00,141.00,350.00,26.18,10.55,1521.00,153.00,423.00,27.81
G0400130108301,Arizona,Maricopa County,108301,1396.00,83.00,387.00,27.72,5.95,1131.00,17.00,438.00,38.73
G0400130108302,Arizona,Maricopa County,108302,1629.00,179.00,183.00,11.23,10.99,1797.00,334.00,401.00,22.31
G0400130108400,Arizona,Maricopa County,108400,583.00,342.00,16.00,2.74,58.66,621.00,285.00,35.00,5.64
G0400130108501,Arizona,Maricopa County,108501,1109.00,129.00,200.00,18.03,11.63,1172.00,23.00,261.00,22.27
G0400130108502,Arizona,Maricopa County,108502,1761.00,81.00,576.00,32.71,4.60,1980.00,71.00,718.00,36.26
G0400130108601,Arizona,Maricopa County,108601,1798.00,134.00,119.00,6.62,7.45,1875.00,209.00,133.00,7.09
G0400130108602,Arizona,Maricopa County,108602,1035.00,51.00,261.00,25.22,4.93,992.00,82.00,309.00,31.15
G0400130108802,Arizona,Maricopa County,108802,1575.00,97.00,404.00,25.65,6.16,1824.00,85.00,659.00,36.13
G0400130108901,Arizona,Maricopa County,108901,1977.00,74.00,469.00,23.72,3.74,2064.00,61.00,693.00,33.58
G0400130108902,Arizona,Maricopa County,108902,2198.00,181.00,232.00,10.56,8.23,2484.00,192.00,287.00,11.55
G0400130109001,Arizona,Maricopa County,109001,1500.00,0.00,716.00,47.73,0.00,1528.00,40.00,585.00,38.29
G0400130109002,Arizona,Maricopa County,109002,1463.00,51.00,599.00,40.94,3.49,1644.00,39.00,450.00,27.37
G0400130109003,Arizona,Maricopa County,109003,1316.00,36.00,330.00,25.08,2.74,1261.00,48.00,411.00,32.59
G0400130109101,Arizona,Maricopa County,109101,1928.00,106.00,500.00,25.93,5.50,1739.00,31.00,634.00,36.46
G0400130109102,Arizona,Maricopa County,109102,1180.00,22.00,455.00,38.56,1.86,894.00,19.00,502.00,56.15
G0400130109200,Arizona,Maricopa County,109200,759.00,30.00,269.00,35.44,3.95,812.00,69.00,237.00,29.19
G0400130109300,Arizona,Maricopa County,109300,1432.00,423.00,69.00,4.82,29.54,1469.00,589.00,44.00,3.00
G0400130109400,Arizona,Maricopa County,109400,2029.00,680.00,246.00,12.12,33.51,2256.00,807.00,267.00,11.84
G0400130109500,Arizona,Maricopa County,109500,1466.00,534.00,148.00,10.10,36.43,1431.00,456.00,138.00,9.64
G0400130109601,Arizona,Maricopa County,109601,998.00,31.00,274.00,27.45,3.11,907.00,61.00,293.00,32.30
G0400130109602,Arizona,Maricopa County,109602,790.00,42.00,325.00,41.14,5.32,946.00,20.00,331.00,34.99
G0400130109603,Arizona,Maricopa County,109603,1510.00,69.00,585.00,38.74,4.57,1730.00,59.00,945.00,54.62
G0400130109604,Arizona,Maricopa County,109604,1226.00,163.00,118.00,9.62,13.30,1216.00,79.00,287.00,23.60
G0400130109701,Arizona,Maricopa County,109701,2192.00,154.00,393.00,17.93,7.03,2130.00,183.00,623.00,29.25
G0400130109702,Arizona,Maricopa County,109702,1106.00,118.00,124.00,11.21,10.67,1153.00,102.00,192.00,16.65
G0400130109703,Arizona,Maricopa County,109703,1329.00,35.00,182.00,13.69,2.63,1316.00,66.00,323.00,24.54
G0400130109704,Arizona,Maricopa County,109704,2120.00,156.00,187.00,8.82,7.36,1960.00,216.00,338.00,17.24
G0400130109705,Arizona,Maricopa County,109705,2031.00,227.00,576.00,28.36,11.18,2084.00,213.00,960.00,46.07
G0400130109801,Arizona,Maricopa County,109801,2568.00,430.00,861.00,33.53,16.74,2523.00,381.00,641.00,25.41
G0400130109802,Arizona,Maricopa County,109802,1012.00,196.00,124.00,12.25,19.37,1064.00,182.00,127.00,11.94
G0400130109900,Arizona,Maricopa County,109900,503.00,18.00,271.00,53.88,3.58,765.00,47.00,313.00,40.92
G0400130110001,Arizona,Maricopa County,110001,1861.00,662.00,91.00,4.89,35.57,1847.00,699.00,155.00,8.39
G0400130110002,Arizona,Maricopa County,110002,1702.00,97.00,216.00,12.69,5.70,1939.00,116.00,371.00,19.13
G0400130110100,Arizona,Maricopa County,110100,1983.00,713.00,138.00,6.96,35.96,2192.00,899.00,165.00,7.53
G0400130110400,Arizona,Maricopa County,110400,1139.00,116.00,168.00,14.75,10.18,1261.00,102.00,228.00,18.08
G0400130110501,Arizona,Maricopa County,110501,1449.00,13.00,525.00,36.23,0.90,1463.00,29.00,471.00,32.19
G0400130110502,Arizona,Maricopa County,110502,1359.00,9.00,563.00,41.43,0.66,1407.00,35.00,678.00,48.19
G0400130110600,Arizona,Maricopa County,110600,1806.00,462.00,259.00,14.34,25.58,1739.00,477.00,319.00,18.34
G0400130110701,Arizona,Maricopa County,110701,1694.00,77.00,573.00,33.83,4.55,1755.00,131.00,364.00,20.74
G0400130110702,Arizona,Maricopa County,110702,1245.00,488.00,103.00,8.27,39.20,1212.00,486.00,55.00,4.54
G0400130110801,Arizona,Maricopa County,110801,554.00,86.00,13.00,2.35,15.52,563.00,123.00,125.00,22.20
G0400130110802,Arizona,Maricopa County,110802,1304.00,152.00,169.00,12.96,11.66,1490.00,149.00,284.00,19.06
G0400130110901,Arizona,Maricopa County,110901,1452.00,194.00,183.00,12.60,13.36,1396.00,128.00,92.00,6.59
G0400130110902,Arizona,Maricopa County,110902,1924.00,39.00,491.00,25.52,2.03,2087.00,107.00,636.00,30.47
G0400130111000,Arizona,Maricopa County,111000,2443.00,293.00,236.00,9.66,11.99,2412.00,217.00,395.00,16.38
G0400130111100,Arizona,Maricopa County,111100,1427.00,207.00,132.00,9.25,14.51,1313.00,208.00,175.00,13.33
G0400130111201,Arizona,Maricopa County,111201,1719.00,560.00,90.00,5.24,32.58,1704.00,457.00,96.00,5.63
G0400130111202,Arizona,Maricopa County,111202,2185.00,682.00,140.00,6.41,31.21,1999.00,672.00,177.00,8.85
G0400130111203,Arizona,Maricopa County,111203,2061.00,326.00,228.00,11.06,15.82,2065.00,405.00,297.00,14.38
G0400130111204,Arizona,Maricopa County,111204,852.00,143.00,105.00,12.32,16.78,1142.00,205.00,112.00,9.81
G0400130111300,Arizona,Maricopa County,111300,2324.00,1148.00,69.00,2.97,49.40,2198.00,1250.00,55.00,2.50
G0400130111401,Arizona,Maricopa County,111401,1177.00,141.00,135.00,11.47,11.98,1455.00,103.00,164.00,11.27
G0400130111402,Arizona,Maricopa County,111402,754.00,73.00,194.00,25.73,9.68,926.00,37.00,290.00,31.32
G0400130111501,Arizona,Maricopa County,111501,857.00,26.00,226.00,26.37,3.03,1034.00,98.00,158.00,15.28
G0400130111502,Arizona,Maricopa County,111502,563.00,238.00,26.00,4.62,42.27,637.00,292.00,54.00,8.48
G0400130111601,Arizona,Maricopa County,111601,698.00,12.00,103.00,14.76,1.72,730.00,56.00,174.00,23.84
G0400130111602,Arizona,Maricopa County,111602,1914.00,709.00,45.00,2.35,37.04,2417.00,920.00,215.00,8.90
G0400130111700,Arizona,Maricopa County,111700,1788.00,331.00,61.00,3.41,18.51,1826.00,296.00,132.00,7.23
G0400130111800,Arizona,Maricopa County,111800,2373.00,743.00,204.00,8.60,31.31,3000.00,978.00,101.00,3.37
G0400130111900,Arizona,Maricopa County,111900,2184.00,116.00,608.00,27.84,5.31,2411.00,188.00,690.00,28.62
G0400130112100,Arizona,Maricopa County,112100,2378.00,904.00,125.00,5.26,38.02,2151.00,852.00,150.00,6.97
G0400130112201,Arizona,Maricopa County,112201,747.00,415.00,0.00,0.00,55.56,744.00,436.00,5.00,0.67
G0400130112202,Arizona,Maricopa County,112202,1000.00,501.00,99.00,9.90,50.10,1019.00,461.00,111.00,10.89
G0400130112301,Arizona,Maricopa County,112301,971.00,481.00,14.00,1.44,49.54,1149.00,651.00,33.00,2.87
G0400130112302,Arizona,Maricopa County,112302,1076.00,391.00,19.00,1.77,36.34,1528.00,614.00,125.00,8.18
G0400130112401,Arizona,Maricopa County,112401,284.00,75.00,9.00,3.17,26.41,374.00,80.00,17.00,4.55
G0400130112402,Arizona,Maricopa County,112402,1508.00,37.00,844.00,55.97,2.45,1555.00,0.00,654.00,42.06
G0400130112502,Arizona,Maricopa County,112502,1720.00,296.00,239.00,13.90,17.21,2178.00,339.00,335.00,15.38
G0400130112503,Arizona,Maricopa County,112503,948.00,56.00,303.00,31.96,5.91,1024.00,35.00,379.00,37.01
G0400130112504,Arizona,Maricopa County,112504,1878.00,137.00,447.00,23.80,7.29,2060.00,155.00,478.00,23.20
G0400130112505,Arizona,Maricopa County,112505,1498.00,37.00,361.00,24.10,2.47,1479.00,58.00,321.00,21.70
G0400130112507,Arizona,Maricopa County,112507,1253.00,659.00,16.00,1.28,52.59,1713.00,986.00,8.00,0.47
G0400130112508,Arizona,Maricopa County,112508,993.00,41.00,246.00,24.77,4.13,932.00,93.00,179.00,19.21
G0400130112509,Arizona,Maricopa County,112509,984.00,37.00,372.00,37.80,3.76,1056.00,94.00,410.00,38.83
G0400130112510,Arizona,Maricopa County,112510,1735.00,36.00,879.00,50.66,2.07,1582.00,22.00,770.00,48.67
G0400130112511,Arizona,Maricopa County,112511,1068.00,586.00,115.00,10.77,54.87,1139.00,677.00,98.00,8.60
G0400130112512,Arizona,Maricopa County,112512,1692.00,517.00,111.00,6.56,30.56,1485.00,349.00,115.00,7.74
G0400130112513,Arizona,Maricopa County,112513,2810.00,688.00,555.00,19.75,24.48,2562.00,783.00,354.00,13.82
G0400130112514,Arizona,Maricopa County,112514,1627.00,569.00,236.00,14.51,34.97,1432.00,630.00,108.00,7.54
G0400130112601,Arizona,Maricopa County,112601,1098.00,493.00,0.00,0.00,44.90,1428.00,544.00,76.00,5.32
G0400130112602,Arizona,Maricopa County,112602,671.00,218.00,52.00,7.75,32.49,710.00,157.00,45.00,6.34
G0400130112700,Arizona,Maricopa County,112700,1211.00,366.00,212.00,17.51,30.22,1168.00,196.00,237.00,20.29
G0400130112900,Arizona,Maricopa County,112900,1858.00,372.00,110.00,5.92,20.02,1788.00,382.00,105.00,5.87
G0400130113000,Arizona,Maricopa County,113000,519.00,9.00,133.00,25.63,1.73,546.00,0.00,218.00,39.93
G0400130113100,Arizona,Maricopa County,113100,1270.00,495.00,92.00,7.24,38.98,2095.00,434.00,104.00,4.96
G0400130113201,Arizona,Maricopa County,113201,1062.00,70.00,252.00,23.73,6.59,935.00,23.00,330.00,35.29
G0400130113202,Arizona,Maricopa County,113202,2328.00,176.00,646.00,27.75,7.56,2139.00,163.00,711.00,33.24
G0400130113203,Arizona,Maricopa County,113203,96.00,64.00,0.00,0.00,66.67,161.00,80.00,0.00,0.00
G0400130113300,Arizona,Maricopa County,113300,1279.00,318.00,33.00,2.58,24.86,1485.00,446.00,82.00,5.52
G0400130113400,Arizona,Maricopa County,113400,2006.00,219.00,343.00,17.10,10.92,2055.00,306.00,341.00,16.59
G0400130113501,Arizona,Maricopa County,113501,1602.00,263.00,92.00,5.74,16.42,1713.00,354.00,186.00,10.86
G0400130113502,Arizona,Maricopa County,113502,1412.00,51.00,409.00,28.97,3.61,1898.00,51.00,987.00,52.00
G0400130113601,Arizona,Maricopa County,113601,1302.00,454.00,121.00,9.29,34.87,2287.00,888.00,37.00,1.62
G0400130113602,Arizona,Maricopa County,113602,1024.00,219.00,46.00,4.49,21.39,1221.00,485.00,34.00,2.78
G0400130113700,Arizona,Maricopa County,113700,2729.00,533.00,403.00,14.77,19.53,2625.00,716.00,161.00,6.13
G0400130113801,Arizona,Maricopa County,113801,2024.00,46.00,686.00,33.89,2.27,2305.00,119.00,929.00,40.30
G0400130113802,Arizona,Maricopa County,113802,1815.00,32.00,558.00,30.74,1.76,1674.00,126.00,559.00,33.39
G0400130113900,Arizona,Maricopa County,113900,1639.00,68.00,380.00,23.18,4.15,1593.00,74.00,300.00,18.83
G0400130114000,Arizona,Maricopa County,114000,1935.00,382.00,183.00,9.46,19.74,2070.00,418.00,177.00,8.55
G0400130114100,Arizona,Maricopa County,114100,1409.00,143.00,131.00,9.30,10.15,1332.00,203.00,151.00,11.34
G0400130114200,Arizona,Maricopa County,114200,2167.00,126.00,475.00,21.92,5.81,2070.00,215.00,412.00,19.90
G0400130114301,Arizona,Maricopa County,114301,1815.00,496.00,183.00,10.08,27.33,1761.00,509.00,144.00,8.18
G0400130114302,Arizona,Maricopa County,114302,1179.00,0.00,393.00,33.33,0.00,1206.00,39.00,438.00,36.32
G0400130114401,Arizona,Maricopa County,114401,1758.00,464.00,126.00,7.17,26.39,1654.00,422.00,210.00,12.70
G0400130114402,Arizona,Maricopa County,114402,1300.00,271.00,125.00,9.62,20.85,1296.00,264.00,135.00,10.42
G0400130114500,Arizona,Maricopa County,114500,984.00,420.00,33.00,3.35,42.68,997.00,358.00,24.00,2.41
G0400130114600,Arizona,Maricopa County,114600,0.00,0.00,0.00,0.00,0.00,0.00,0.00,0.00,#DIV/0!
G0400130114703,Arizona,Maricopa County,114703,1625.00,316.00,179.00,11.02,19.45,1477.00,292.00,191.00,12.93
G0400130114800,Arizona,Maricopa County,114800,2776.00,1014.00,274.00,9.87,36.53,2963.00,964.00,135.00,4.56
G0400130114900,Arizona,Maricopa County,114900,1467.00,386.00,104.00,7.09,26.31,1835.00,521.00,47.00,2.56
G0400130115200,Arizona,Maricopa County,115200,646.00,156.00,14.00,2.17,24.15,1088.00,453.00,28.00,2.57
G0400130115300,Arizona,Maricopa County,115300,2010.00,262.00,104.00,5.17,13.03,2052.00,766.00,94.00,4.58
G0400130115400,Arizona,Maricopa County,115400,2192.00,75.00,670.00,30.57,3.42,2034.00,32.00,665.00,32.69
G0400130115500,Arizona,Maricopa County,115500,2102.00,110.00,404.00,19.22,5.23,2190.00,86.00,470.00,21.46
G0400130115600,Arizona,Maricopa County,115600,1010.00,363.00,9.00,0.89,35.94,1018.00,290.00,61.00,5.99
G0400130115700,Arizona,Maricopa County,115700,1906.00,301.00,167.00,8.76,15.79,1961.00,280.00,348.00,17.75
G0400130115801,Arizona,Maricopa County,115801,1359.00,74.00,188.00,13.83,5.45,1199.00,119.00,158.00,13.18
G0400130115802,Arizona,Maricopa County,115802,2314.00,299.00,337.00,14.56,12.92,2669.00,272.00,505.00,18.92
G0400130115900,Arizona,Maricopa County,115900,1215.00,53.00,207.00,17.04,4.36,1355.00,59.00,182.00,13.43
G0400130116000,Arizona,Maricopa County,116000,1563.00,133.00,180.00,11.52,8.51,1444.00,126.00,277.00,19.18
G0400130116100,Arizona,Maricopa County,116100,1678.00,427.00,10.00,0.60,25.45,1704.00,468.00,126.00,7.39
G0400130116202,Arizona,Maricopa County,116202,777.00,261.00,31.00,3.99,33.59,1397.00,672.00,28.00,2.00
G0400130116203,Arizona,Maricopa County,116203,1170.00,531.00,68.00,5.81,45.38,1360.00,547.00,122.00,8.97
G0400130116204,Arizona,Maricopa County,116204,1254.00,524.00,55.00,4.39,41.79,1133.00,491.00,7.00,0.62
G0400130116205,Arizona,Maricopa County,116205,1103.00,138.00,149.00,13.51,12.51,1060.00,297.00,112.00,10.57
G0400130116300,Arizona,Maricopa County,116300,2231.00,615.00,174.00,7.80,27.57,3114.00,947.00,116.00,3.73
G0400130116400,Arizona,Maricopa County,116400,1514.00,481.00,93.00,6.14,31.77,1446.00,434.00,129.00,8.92
G0400130116500,Arizona,Maricopa County,116500,1569.00,60.00,285.00,18.16,3.82,1595.00,90.00,288.00,18.06
G0400130116602,Arizona,Maricopa County,116602,424.00,90.00,95.00,22.41,21.23,509.00,118.00,26.00,5.11
G0400130116603,Arizona,Maricopa County,116603,2169.00,140.00,363.00,16.74,6.45,2316.00,257.00,338.00,14.59
G0400130116604,Arizona,Maricopa County,116604,2550.00,223.00,536.00,21.02,8.75,2549.00,174.00,525.00,20.60
G0400130116605,Arizona,Maricopa County,116605,2295.00,172.00,267.00,11.63,7.49,2268.00,109.00,592.00,26.10
G0400130116606,Arizona,Maricopa County,116606,2215.00,86.00,242.00,10.93,3.88,2101.00,239.00,208.00,9.90
G0400130116607,Arizona,Maricopa County,116607,1355.00,116.00,201.00,14.83,8.56,1260.00,53.00,309.00,24.52
G0400130116608,Arizona,Maricopa County,116608,965.00,92.00,96.00,9.95,9.53,1029.00,100.00,98.00,9.52
G0400130116609,Arizona,Maricopa County,116609,1592.00,179.00,153.00,9.61,11.24,1713.00,90.00,344.00,20.08
G0400130116610,Arizona,Maricopa County,116610,513.00,116.00,11.00,2.14,22.61,724.00,222.00,42.00,5.80
G0400130116611,Arizona,Maricopa County,116611,1907.00,355.00,117.00,6.14,18.62,2397.00,369.00,111.00,4.63
G0400130116612,Arizona,Maricopa County,116612,1709.00,391.00,219.00,12.81,22.88,2062.00,614.00,253.00,12.27
G0400130116613,Arizona,Maricopa County,116613,1956.00,184.00,146.00,7.46,9.41,2049.00,397.00,152.00,7.42
G0400130116702,Arizona,Maricopa County,116702,1334.00,373.00,276.00,20.69,27.96,1648.00,671.00,189.00,11.47
G0400130116703,Arizona,Maricopa County,116703,1922.00,479.00,166.00,8.64,24.92,1854.00,548.00,172.00,9.28
G0400130116704,Arizona,Maricopa County,116704,2477.00,271.00,409.00,16.51,10.94,2274.00,258.00,455.00,20.01
G0400130116707,Arizona,Maricopa County,116707,849.00,174.00,93.00,10.95,20.49,1285.00,266.00,60.00,4.67
G0400130116708,Arizona,Maricopa County,116708,1313.00,339.00,44.00,3.35,25.82,1349.00,465.00,103.00,7.64
G0400130116709,Arizona,Maricopa County,116709,1557.00,397.00,32.00,2.06,25.50,1558.00,323.00,66.00,4.24
G0400130116710,Arizona,Maricopa County,116710,1514.00,259.00,125.00,8.26,17.11,1541.00,252.00,64.00,4.15
G0400130116711,Arizona,Maricopa County,116711,1276.00,295.00,87.00,6.82,23.12,1404.00,301.00,40.00,2.85
G0400130116712,Arizona,Maricopa County,116712,1084.00,252.00,34.00,3.14,23.25,941.00,204.00,57.00,6.06
G0400130116713,Arizona,Maricopa County,116713,2593.00,686.00,82.00,3.16,26.46,2513.00,620.00,154.00,6.13
G0400130116714,Arizona,Maricopa County,116714,1015.00,335.00,77.00,7.59,33.00,978.00,316.00,61.00,6.24
G0400130116715,Arizona,Maricopa County,116715,1703.00,509.00,169.00,9.92,29.89,2095.00,657.00,108.00,5.16
G0400130116717,Arizona,Maricopa County,116717,2660.00,473.00,215.00,8.08,17.78,2628.00,542.00,437.00,16.63
G0400130116718,Arizona,Maricopa County,116718,1744.00,191.00,181.00,10.38,10.95,1656.00,176.00,223.00,13.47
G0400130116719,Arizona,Maricopa County,116719,2827.00,761.00,228.00,8.07,26.92,3023.00,464.00,279.00,9.23
G0400130116720,Arizona,Maricopa County,116720,1296.00,9.00,326.00,25.15,0.69,1243.00,27.00,401.00,32.26
G0400130116721,Arizona,Maricopa County,116721,719.00,290.00,33.00,4.59,40.33,1063.00,566.00,39.00,3.67
G0400130116725,Arizona,Maricopa County,116725,2891.00,210.00,820.00,28.36,7.26,2638.00,171.00,680.00,25.78
G0400130116727,Arizona,Maricopa County,116727,1781.00,282.00,223.00,12.52,15.83,2003.00,277.00,318.00,15.88
G0400130116728,Arizona,Maricopa County,116728,1363.00,94.00,125.00,9.17,6.90,1465.00,76.00,246.00,16.79
G0400130116729,Arizona,Maricopa County,116729,1573.00,311.00,102.00,6.48,19.77,1588.00,316.00,117.00,7.37
G0400130116730,Arizona,Maricopa County,116730,1569.00,356.00,53.00,3.38,22.69,1702.00,302.00,229.00,13.45
G0400130116731,Arizona,Maricopa County,116731,1357.00,99.00,243.00,17.91,7.30,1447.00,141.00,74.00,5.11
G0400130116732,Arizona,Maricopa County,116732,615.00,74.00,60.00,9.76,12.03,1276.00,123.00,88.00,6.90
G0400130116733,Arizona,Maricopa County,116733,1168.00,504.00,57.00,4.88,43.15,1293.00,619.00,42.00,3.25
G0400130116800,Arizona,Maricopa County,116800,2888.00,0.00,1313.00,45.46,0.00,2290.00,30.00,798.00,34.85
G0400130116900,Arizona,Maricopa County,116900,1957.00,117.00,678.00,34.64,5.98,1697.00,22.00,845.00,49.79
G0400130117000,Arizona,Maricopa County,117000,668.00,209.00,45.00,6.74,31.29,516.00,157.00,13.00,2.52
G0400130117100,Arizona,Maricopa County,117100,1332.00,419.00,77.00,5.78,31.46,1318.00,307.00,117.00,8.88
G0400130117200,Arizona,Maricopa County,117200,1280.00,394.00,182.00,14.22,30.78,1067.00,270.00,190.00,17.81
G0400130117300,Arizona,Maricopa County,117300,784.00,199.00,42.00,5.36,25.38,830.00,184.00,24.00,2.89
G0400130216806,Arizona,Maricopa County,216806,1978.00,428.00,15.00,0.76,21.64,2099.00,518.00,68.00,3.24
G0400130216807,Arizona,Maricopa County,216807,1167.00,539.00,40.00,3.43,46.19,1281.00,595.00,26.00,2.03
G0400130216809,Arizona,Maricopa County,216809,863.00,442.00,91.00,10.54,51.22,871.00,572.00,33.00,3.79
G0400130216810,Arizona,Maricopa County,216810,764.00,412.00,0.00,0.00,53.93,698.00,241.00,8.00,1.15
G0400130216813,Arizona,Maricopa County,216813,1153.00,429.00,35.00,3.04,37.21,948.00,249.00,19.00,2.00
G0400130216816,Arizona,Maricopa County,216816,1505.00,447.00,22.00,1.46,29.70,1594.00,503.00,11.00,0.69
G0400130216818,Arizona,Maricopa County,216818,1512.00,449.00,82.00,5.42,29.70,1282.00,355.00,84.00,6.55
G0400130216819,Arizona,Maricopa County,216819,567.00,196.00,86.00,15.17,34.57,591.00,145.00,105.00,17.77
G0400130216820,Arizona,Maricopa County,216820,696.00,47.00,117.00,16.81,6.75,723.00,67.00,165.00,22.82
G0400130216821,Arizona,Maricopa County,216821,1206.00,464.00,36.00,2.99,38.47,2207.00,730.00,63.00,2.85
G0400130216822,Arizona,Maricopa County,216822,1696.00,537.00,97.00,5.72,31.66,2772.00,604.00,329.00,11.87
G0400130216826,Arizona,Maricopa County,216826,1804.00,618.00,102.00,5.65,34.26,2002.00,515.00,213.00,10.64
G0400130216829,Arizona,Maricopa County,216829,1718.00,274.00,310.00,18.04,15.95,1568.00,385.00,131.00,8.35
G0400130216830,Arizona,Maricopa County,216830,1297.00,347.00,15.00,1.16,26.75,1336.00,346.00,100.00,7.49
G0400130216831,Arizona,Maricopa County,216831,1227.00,113.00,72.00,5.87,9.21,1400.00,127.00,113.00,8.07
G0400130216832,Arizona,Maricopa County,216832,1073.00,240.00,40.00,3.73,22.37,1303.00,189.00,128.00,9.82
G0400130216833,Arizona,Maricopa County,216833,1041.00,478.00,0.00,0.00,45.92,970.00,397.00,30.00,3.09
G0400130216834,Arizona,Maricopa County,216834,1503.00,416.00,136.00,9.05,27.68,1781.00,552.00,125.00,7.02
G0400130216835,Arizona,Maricopa County,216835,1261.00,295.00,11.00,0.87,23.39,1904.00,499.00,167.00,8.77
G0400130216836,Arizona,Maricopa County,216836,584.00,100.00,15.00,2.57,17.12,746.00,72.00,21.00,2.82
G0400130216837,Arizona,Maricopa County,216837,1417.00,48.00,313.00,22.09,3.39,1771.00,74.00,506.00,28.57
G0400130216838,Arizona,Maricopa County,216838,1682.00,59.00,370.00,22.00,3.51,1396.00,237.00,304.00,21.78
G0400130216839,Arizona,Maricopa County,216839,1241.00,192.00,76.00,6.12,15.47,1321.00,226.00,149.00,11.28
G0400130216840,Arizona,Maricopa County,216840,1754.00,471.00,116.00,6.61,26.85,1457.00,508.00,53.00,3.64
G0400130216841,Arizona,Maricopa County,216841,1826.00,149.00,214.00,11.72,8.16,1814.00,193.00,243.00,13.40
G0400130216842,Arizona,Maricopa County,216842,1954.00,346.00,353.00,18.07,17.71,1831.00,215.00,326.00,17.80
G0400130216843,Arizona,Maricopa County,216843,1782.00,299.00,267.00,14.98,16.78,1792.00,295.00,197.00,10.99
G0400130216844,Arizona,Maricopa County,216844,1111.00,245.00,151.00,13.59,22.05,1097.00,472.00,88.00,8.02
G0400130216845,Arizona,Maricopa County,216845,2778.00,46.00,759.00,27.32,1.66,3090.00,208.00,964.00,31.20
G0400130216846,Arizona,Maricopa County,216846,357.00,0.00,137.00,38.38,0.00,382.00,96.00,138.00,36.13
G0400130216847,Arizona,Maricopa County,216847,1462.00,123.00,271.00,18.54,8.41,1494.00,143.00,393.00,26.31
G0400130216848,Arizona,Maricopa County,216848,2542.00,761.00,180.00,7.08,29.94,2793.00,932.00,207.00,7.41
G0400130216849,Arizona,Maricopa County,216849,3202.00,628.00,498.00,15.55,19.61,3441.00,559.00,449.00,13.05
G0400130216850,Arizona,Maricopa County,216850,2047.00,1174.00,55.00,2.69,57.35,1918.00,884.00,96.00,5.01
G0400130216851,Arizona,Maricopa County,216851,1934.00,756.00,252.00,13.03,39.09,2020.00,781.00,149.00,7.38
G0400130216852,Arizona,Maricopa County,216852,1313.00,107.00,293.00,22.32,8.15,1293.00,44.00,476.00,36.81
G0400130216853,Arizona,Maricopa County,216853,1370.00,93.00,247.00,18.03,6.79,1592.00,113.00,453.00,28.45
G0400130216901,Arizona,Maricopa County,216901,1395.00,185.00,118.00,8.46,13.26,1418.00,148.00,137.00,9.66
G0400130216902,Arizona,Maricopa County,216902,1666.00,531.00,254.00,15.25,31.87,1660.00,362.00,312.00,18.80
G0400130217001,Arizona,Maricopa County,217001,2366.00,454.00,94.00,3.97,19.19,2450.00,412.00,221.00,9.02
G0400130217002,Arizona,Maricopa County,217002,1359.00,328.00,76.00,5.59,24.14,1376.00,336.00,31.00,2.25
G0400130217101,Arizona,Maricopa County,217101,1916.00,95.00,412.00,21.50,4.96,1695.00,47.00,331.00,19.53
G0400130217102,Arizona,Maricopa County,217102,1714.00,435.00,76.00,4.43,25.38,1706.00,451.00,97.00,5.69
G0400130217201,Arizona,Maricopa County,217201,1695.00,124.00,359.00,21.18,7.32,1746.00,184.00,313.00,17.93
G0400130217203,Arizona,Maricopa County,217203,736.00,32.00,105.00,14.27,4.35,859.00,73.00,144.00,16.76
G0400130217204,Arizona,Maricopa County,217204,1044.00,49.00,102.00,9.77,4.69,1303.00,135.00,242.00,18.57
G0400130217300,Arizona,Maricopa County,217300,1487.00,261.00,95.00,6.39,17.55,2312.00,483.00,199.00,8.61
G0400130217400,Arizona,Maricopa County,217400,898.00,326.00,20.00,2.23,36.30,888.00,379.00,32.00,3.60
G0400130217501,Arizona,Maricopa County,217501,1219.00,142.00,67.00,5.50,11.65,1421.00,109.00,164.00,11.54
G0400130217502,Arizona,Maricopa County,217502,1168.00,167.00,86.00,7.36,14.30,1397.00,107.00,83.00,5.94
G0400130217600,Arizona,Maricopa County,217600,997.00,317.00,11.00,1.10,31.80,940.00,409.00,46.00,4.89
G0400130217700,Arizona,Maricopa County,217700,2153.00,563.00,138.00,6.41,26.15,2055.00,611.00,135.00,6.57
G0400130217800,Arizona,Maricopa County,217800,2450.00,1311.00,55.00,2.24,53.51,2373.00,1251.00,85.00,3.58
G0400130217900,Arizona,Maricopa County,217900,1663.00,244.00,160.00,9.62,14.67,1775.00,289.00,198.00,11.15
G0400130218000,Arizona,Maricopa County,218000,2041.00,787.00,9.00,0.44,38.56,2142.00,653.00,49.00,2.29
G0400130218100,Arizona,Maricopa County,218100,2162.00,785.00,100.00,4.63,36.31,2580.00,841.00,114.00,4.42
G0400130218200,Arizona,Maricopa County,218200,1574.00,500.00,43.00,2.73,31.77,1840.00,575.00,89.00,4.84
G0400130218300,Arizona,Maricopa County,218300,1487.00,449.00,115.00,7.73,30.20,1814.00,542.00,170.00,9.37
G0400130318400,Arizona,Maricopa County,318400,1155.00,284.00,39.00,3.38,24.59,1259.00,95.00,81.00,6.43
G0400130318501,Arizona,Maricopa County,318501,1346.00,421.00,78.00,5.79,31.28,1563.00,319.00,246.00,15.74
G0400130318700,Arizona,Maricopa County,318700,2348.00,861.00,94.00,4.00,36.67,2527.00,839.00,189.00,7.48
G0400130318800,Arizona,Maricopa County,318800,1491.00,558.00,39.00,2.62,37.42,1570.00,539.00,21.00,1.34
G0400130318900,Arizona,Maricopa County,318900,1817.00,147.00,108.00,5.94,8.09,1651.00,195.00,161.00,9.75
G0400130319000,Arizona,Maricopa County,319000,1673.00,169.00,467.00,27.91,10.10,1950.00,108.00,440.00,22.56
G0400130319101,Arizona,Maricopa County,319101,1223.00,518.00,93.00,7.60,42.35,1208.00,503.00,67.00,5.55
G0400130319103,Arizona,Maricopa County,319103,920.00,343.00,7.00,0.76,37.28,1160.00,485.00,15.00,1.29
G0400130319104,Arizona,Maricopa County,319104,1146.00,182.00,59.00,5.15,15.88,1472.00,254.00,52.00,3.53
G0400130319201,Arizona,Maricopa County,319201,1034.00,191.00,116.00,11.22,18.47,1454.00,279.00,34.00,2.34
G0400130319202,Arizona,Maricopa County,319202,1738.00,225.00,186.00,10.70,12.95,1679.00,226.00,139.00,8.28
G0400130319300,Arizona,Maricopa County,319300,2190.00,340.00,181.00,8.26,15.53,2234.00,259.00,273.00,12.22
G0400130319401,Arizona,Maricopa County,319401,1464.00,146.00,151.00,10.31,9.97,1589.00,81.00,158.00,9.94
G0400130319402,Arizona,Maricopa County,319402,1636.00,54.00,542.00,33.13,3.30,1780.00,52.00,385.00,21.63
G0400130319403,Arizona,Maricopa County,319403,1647.00,572.00,29.00,1.76,34.73,1736.00,677.00,53.00,3.05
G0400130319404,Arizona,Maricopa County,319404,1539.00,203.00,142.00,9.23,13.19,1596.00,111.00,208.00,13.03
G0400130319500,Arizona,Maricopa County,319500,1951.00,382.00,213.00,10.92,19.58,2035.00,222.00,162.00,7.96
G0400130319600,Arizona,Maricopa County,319600,1231.00,179.00,156.00,12.67,14.54,1235.00,210.00,135.00,10.93
G0400130319703,Arizona,Maricopa County,319703,1446.00,38.00,477.00,32.99,2.63,1543.00,51.00,590.00,38.24
G0400130319704,Arizona,Maricopa County,319704,2122.00,195.00,136.00,6.41,9.19,2140.00,315.00,318.00,14.86
G0400130319705,Arizona,Maricopa County,319705,3344.00,426.00,381.00,11.39,12.74,3436.00,480.00,299.00,8.70
G0400130319706,Arizona,Maricopa County,319706,1716.00,162.00,211.00,12.30,9.44,1794.00,224.00,302.00,16.83
G0400130319800,Arizona,Maricopa County,319800,976.00,97.00,165.00,16.91,9.94,1098.00,79.00,226.00,20.58
G0400130319902,Arizona,Maricopa County,319902,1971.00,590.00,93.00,4.72,29.93,2041.00,713.00,50.00,2.45
G0400130319903,Arizona,Maricopa County,319903,1993.00,256.00,105.00,5.27,12.84,1984.00,208.00,280.00,14.11
G0400130319904,Arizona,Maricopa County,319904,1189.00,320.00,69.00,5.80,26.91,1267.00,309.00,63.00,4.97
G0400130319905,Arizona,Maricopa County,319905,2280.00,453.00,154.00,6.75,19.87,1881.00,453.00,134.00,7.12
G0400130319906,Arizona,Maricopa County,319906,2321.00,318.00,286.00,12.32,13.70,2292.00,368.00,277.00,12.09
G0400130319907,Arizona,Maricopa County,319907,929.00,155.00,34.00,3.66,16.68,902.00,201.00,82.00,9.09
G0400130319908,Arizona,Maricopa County,319908,1567.00,646.00,116.00,7.40,41.23,1547.00,581.00,69.00,4.46
G0400130319909,Arizona,Maricopa County,319909,1733.00,243.00,106.00,6.12,14.02,1633.00,395.00,120.00,7.35
G0400130319910,Arizona,Maricopa County,319910,2257.00,1300.00,78.00,3.46,57.60,2357.00,1497.00,94.00,3.99
G0400130320001,Arizona,Maricopa County,320001,1973.00,41.00,336.00,17.03,2.08,1758.00,73.00,302.00,17.18
G0400130320002,Arizona,Maricopa County,320002,1246.00,69.00,350.00,28.09,5.54,1570.00,55.00,611.00,38.92
G0400130320007,Arizona,Maricopa County,320007,1324.00,872.00,58.00,4.38,65.86,1468.00,960.00,106.00,7.22
G0400130320100,Arizona,Maricopa County,320100,1271.00,121.00,163.00,12.82,9.52,1253.00,118.00,128.00,10.22
G0400130420104,Arizona,Maricopa County,420104,1864.00,738.00,98.00,5.26,39.59,3254.00,1581.00,174.00,5.35
G0400130420105,Arizona,Maricopa County,420105,1845.00,561.00,74.00,4.01,30.41,2056.00,736.00,47.00,2.29
G0400130420107,Arizona,Maricopa County,420107,1820.00,208.00,310.00,17.03,11.43,1845.00,114.00,302.00,16.37
G0400130420108,Arizona,Maricopa County,420108,1753.00,57.00,499.00,28.47,3.25,1684.00,51.00,381.00,22.62
G0400130420109,Arizona,Maricopa County,420109,1243.00,75.00,329.00,26.47,6.03,1446.00,104.00,305.00,21.09
G0400130420110,Arizona,Maricopa County,420110,1436.00,195.00,127.00,8.84,13.58,1550.00,354.00,123.00,7.94
G0400130420111,Arizona,Maricopa County,420111,2279.00,115.00,672.00,29.49,5.05,2294.00,323.00,385.00,16.78
G0400130420112,Arizona,Maricopa County,420112,1028.00,9.00,261.00,25.39,0.88,1264.00,95.00,249.00,19.70
G0400130420113,Arizona,Maricopa County,420113,578.00,35.00,215.00,37.20,6.06,842.00,29.00,351.00,41.69
G0400130420114,Arizona,Maricopa County,420114,762.00,51.00,210.00,27.56,6.69,764.00,28.00,229.00,29.97
G0400130420115,Arizona,Maricopa County,420115,1703.00,314.00,199.00,11.69,18.44,1704.00,242.00,107.00,6.28
G0400130420116,Arizona,Maricopa County,420116,640.00,120.00,37.00,5.78,18.75,796.00,170.00,21.00,2.64
G0400130420202,Arizona,Maricopa County,420202,1813.00,646.00,41.00,2.26,35.63,2196.00,832.00,116.00,5.28
G0400130420206,Arizona,Maricopa County,420206,1585.00,91.00,280.00,17.67,5.74,1872.00,93.00,463.00,24.73
G0400130420207,Arizona,Maricopa County,420207,1210.00,49.00,403.00,33.31,4.05,1164.00,36.00,454.00,39.00
G0400130420208,Arizona,Maricopa County,420208,779.00,368.00,0.00,0.00,47.24,776.00,299.00,28.00,3.61
G0400130420209,Arizona,Maricopa County,420209,1855.00,306.00,185.00,9.97,16.50,1782.00,287.00,176.00,9.88
G0400130420210,Arizona,Maricopa County,420210,1290.00,577.00,12.00,0.93,44.73,1209.00,546.00,5.00,0.41
G0400130420211,Arizona,Maricopa County,420211,1138.00,144.00,111.00,9.75,12.65,1106.00,182.00,69.00,6.24
G0400130420212,Arizona,Maricopa County,420212,1297.00,303.00,50.00,3.86,23.36,1572.00,320.00,206.00,13.10
G0400130420213,Arizona,Maricopa County,420213,1644.00,309.00,81.00,4.93,18.80,1571.00,275.00,265.00,16.87
G0400130420214,Arizona,Maricopa County,420214,2493.00,201.00,400.00,16.04,8.06,2521.00,292.00,350.00,13.88
G0400130420215,Arizona,Maricopa County,420215,1052.00,274.00,0.00,0.00,26.05,1691.00,552.00,46.00,2.72
G0400130420216,Arizona,Maricopa County,420216,2515.00,355.00,734.00,29.18,14.12,2570.00,119.00,704.00,27.39
G0400130420301,Arizona,Maricopa County,420301,824.00,261.00,26.00,3.16,31.67,868.00,284.00,37.00,4.26
G0400130420302,Arizona,Maricopa County,420302,2258.00,209.00,334.00,14.79,9.26,2242.00,250.00,516.00,23.02
G0400130420303,Arizona,Maricopa County,420303,1388.00,135.00,213.00,15.35,9.73,1455.00,59.00,263.00,18.08
G0400130420304,Arizona,Maricopa County,420304,178.00,38.00,22.00,12.36,21.35,344.00,74.00,17.00,4.94
G0400130420401,Arizona,Maricopa County,420401,1856.00,487.00,340.00,18.32,26.24,1608.00,506.00,228.00,14.18
G0400130420402,Arizona,Maricopa County,420402,1933.00,378.00,158.00,8.17,19.56,1883.00,326.00,162.00,8.60
G0400130420501,Arizona,Maricopa County,420501,1356.00,314.00,39.00,2.88,23.16,1378.00,264.00,190.00,13.79
G0400130420503,Arizona,Maricopa County,420503,786.00,217.00,30.00,3.82,27.61,1091.00,246.00,78.00,7.15
G0400130420504,Arizona,Maricopa County,420504,2189.00,410.00,329.00,15.03,18.73,1993.00,475.00,279.00,14.00
G0400130420602,Arizona,Maricopa County,420602,948.00,5.00,619.00,65.30,0.53,834.00,28.00,535.00,64.15
G0400130420603,Arizona,Maricopa County,420603,1566.00,112.00,313.00,19.99,7.15,1580.00,246.00,474.00,30.00
G0400130420604,Arizona,Maricopa County,420604,2145.00,757.00,59.00,2.75,35.29,2725.00,988.00,125.00,4.59
G0400130420704,Arizona,Maricopa County,420704,2269.00,987.00,43.00,1.90,43.50,2028.00,721.00,193.00,9.52
G0400130420705,Arizona,Maricopa County,420705,718.00,28.00,67.00,9.33,3.90,820.00,102.00,34.00,4.15
G0400130420706,Arizona,Maricopa County,420706,1656.00,144.00,379.00,22.89,8.70,1629.00,77.00,468.00,28.73
G0400130420707,Arizona,Maricopa County,420707,2212.00,291.00,192.00,8.68,13.16,1891.00,229.00,244.00,12.90
G0400130420708,Arizona,Maricopa County,420708,2408.00,151.00,569.00,23.63,6.27,2030.00,216.00,402.00,19.80
G0400130420709,Arizona,Maricopa County,420709,1383.00,172.00,223.00,16.12,12.44,1575.00,190.00,380.00,24.13
G0400130420710,Arizona,Maricopa County,420710,1136.00,205.00,155.00,13.64,18.05,1055.00,280.00,34.00,3.22
G0400130420800,Arizona,Maricopa County,420800,2553.00,565.00,174.00,6.82,22.13,2431.00,615.00,157.00,6.46
G0400130420901,Arizona,Maricopa County,420901,1434.00,579.00,32.00,2.23,40.38,1280.00,484.00,170.00,13.28
G0400130420902,Arizona,Maricopa County,420902,364.00,0.00,114.00,31.32,0.00,246.00,0.00,105.00,42.68
G0400130421001,Arizona,Maricopa County,421001,1133.00,195.00,116.00,10.24,17.21,1135.00,156.00,163.00,14.36
G0400130421002,Arizona,Maricopa County,421002,829.00,42.00,154.00,18.58,5.07,931.00,131.00,87.00,9.34
G0400130421101,Arizona,Maricopa County,421101,1725.00,1052.00,48.00,2.78,60.99,1629.00,938.00,8.00,0.49
G0400130421102,Arizona,Maricopa County,421102,2341.00,885.00,85.00,3.63,37.80,2495.00,926.00,154.00,6.17
G0400130421201,Arizona,Maricopa County,421201,2592.00,657.00,59.00,2.28,25.35,3322.00,804.00,211.00,6.35
G0400130421202,Arizona,Maricopa County,421202,3527.00,98.00,759.00,21.52,2.78,3727.00,114.00,931.00,24.98
G0400130421302,Arizona,Maricopa County,421302,1264.00,301.00,55.00,4.35,23.81,1294.00,506.00,178.00,13.76
G0400130421303,Arizona,Maricopa County,421303,1901.00,101.00,257.00,13.52,5.31,1883.00,106.00,463.00,24.59
G0400130421304,Arizona,Maricopa County,421304,949.00,181.00,15.00,1.58,19.07,1162.00,144.00,80.00,6.88
G0400130421400,Arizona,Maricopa County,421400,987.00,421.00,37.00,3.75,42.65,854.00,355.00,29.00,3.40
G0400130421501,Arizona,Maricopa County,421501,2238.00,236.00,157.00,7.02,10.55,2231.00,193.00,348.00,15.60
G0400130421502,Arizona,Maricopa County,421502,780.00,266.00,65.00,8.33,34.10,897.00,249.00,103.00,11.48
G0400130421601,Arizona,Maricopa County,421601,445.00,0.00,135.00,30.34,0.00,492.00,13.00,152.00,30.89
G0400130421602,Arizona,Maricopa County,421602,1938.00,206.00,138.00,7.12,10.63,1897.00,240.00,209.00,11.02
G0400130421701,Arizona,Maricopa County,421701,1164.00,37.00,244.00,20.96,3.18,1387.00,127.00,283.00,20.40
G0400130421702,Arizona,Maricopa County,421702,1398.00,101.00,207.00,14.81,7.22,1663.00,157.00,324.00,19.48
G0400130421801,Arizona,Maricopa County,421801,1265.00,494.00,14.00,1.11,39.05,1979.00,647.00,90.00,4.55
G0400130421802,Arizona,Maricopa County,421802,1082.00,540.00,15.00,1.39,49.91,1099.00,525.00,29.00,2.64
G0400130421901,Arizona,Maricopa County,421901,1818.00,269.00,361.00,19.86,14.80,1601.00,279.00,129.00,8.06
G0400130421902,Arizona,Maricopa County,421902,1750.00,473.00,190.00,10.86,27.03,1765.00,390.00,225.00,12.75
G0400130422001,Arizona,Maricopa County,422001,2378.00,494.00,238.00,10.01,20.77,2791.00,550.00,414.00,14.83
G0400130422002,Arizona,Maricopa County,422002,853.00,284.00,124.00,14.54,33.29,910.00,295.00,50.00,5.49
G0400130422102,Arizona,Maricopa County,422102,2509.00,157.00,496.00,19.77,6.26,2367.00,168.00,557.00,23.53
G0400130422103,Arizona,Maricopa County,422103,1486.00,287.00,234.00,15.75,19.31,1586.00,277.00,124.00,7.82
G0400130422104,Arizona,Maricopa County,422104,1872.00,485.00,126.00,6.73,25.91,1884.00,388.00,100.00,5.31
G0400130422105,Arizona,Maricopa County,422105,682.00,275.00,8.00,1.17,40.32,768.00,307.00,53.00,6.90
G0400130422106,Arizona,Maricopa County,422106,1071.00,416.00,0.00,0.00,38.84,1399.00,659.00,80.00,5.72
G0400130422107,Arizona,Maricopa County,422107,2512.00,370.00,315.00,12.54,14.73,2378.00,573.00,198.00,8.33
G0400130422203,Arizona,Maricopa County,422203,2702.00,504.00,471.00,17.43,18.65,3105.00,831.00,408.00,13.14
G0400130422204,Arizona,Maricopa County,422204,1317.00,317.00,71.00,5.39,24.07,1423.00,570.00,38.00,2.67
G0400130422205,Arizona,Maricopa County,422205,822.00,108.00,107.00,13.02,13.14,1284.00,127.00,130.00,10.12
G0400130422209,Arizona,Maricopa County,422209,2657.00,724.00,131.00,4.93,27.25,2586.00,855.00,107.00,4.14
G0400130422210,Arizona,Maricopa County,422210,2370.00,275.00,391.00,16.50,11.60,2180.00,258.00,383.00,17.57
G0400130422211,Arizona,Maricopa County,422211,2217.00,257.00,439.00,19.80,11.59,2263.00,323.00,480.00,21.21
G0400130422212,Arizona,Maricopa County,422212,1464.00,746.00,61.00,4.17,50.96,1562.00,828.00,127.00,8.13
G0400130422213,Arizona,Maricopa County,422213,2192.00,729.00,99.00,4.52,33.26,2853.00,890.00,167.00,5.85
G0400130422215,Arizona,Maricopa County,422215,1706.00,577.00,57.00,3.34,33.82,2980.00,591.00,169.00,5.67
G0400130422216,Arizona,Maricopa County,422216,1582.00,69.00,305.00,19.28,4.36,1741.00,206.00,434.00,24.93
G0400130422217,Arizona,Maricopa County,422217,2073.00,196.00,308.00,14.86,9.45,2042.00,163.00,378.00,18.51
G0400130422218,Arizona,Maricopa County,422218,2053.00,723.00,196.00,9.55,35.22,3149.00,1430.00,302.00,9.59
G0400130422219,Arizona,Maricopa County,422219,1529.00,822.00,46.00,3.01,53.76,1444.00,873.00,16.00,1.11
G0400130422220,Arizona,Maricopa County,422220,1805.00,453.00,254.00,14.07,25.10,1659.00,333.00,141.00,8.50
G0400130422221,Arizona,Maricopa County,422221,1334.00,225.00,154.00,11.54,16.87,1649.00,266.00,171.00,10.37
G0400130422222,Arizona,Maricopa County,422222,2063.00,44.00,383.00,18.57,2.13,1909.00,91.00,620.00,32.48
G0400130422301,Arizona,Maricopa County,422301,1596.00,457.00,109.00,6.83,28.63,1907.00,559.00,116.00,6.08
G0400130422302,Arizona,Maricopa County,422302,1597.00,318.00,87.00,5.45,19.91,1619.00,446.00,303.00,18.72
G0400130422304,Arizona,Maricopa County,422304,1324.00,95.00,260.00,19.64,7.18,1213.00,67.00,343.00,28.28
G0400130422305,Arizona,Maricopa County,422305,1200.00,71.00,88.00,7.33,5.92,1231.00,221.00,150.00,12.19
G0400130422307,Arizona,Maricopa County,422307,1445.00,390.00,82.00,5.67,26.99,1520.00,364.00,146.00,9.61
G0400130422308,Arizona,Maricopa County,422308,1290.00,319.00,76.00,5.89,24.73,1259.00,427.00,45.00,3.57
G0400130422309,Arizona,Maricopa County,422309,2007.00,167.00,112.00,5.58,8.32,1801.00,194.00,150.00,8.33
G0400130422401,Arizona,Maricopa County,422401,0.00,0.00,0.00,0.00,0.00,40.00,15.00,0.00,0.00
G0400130422402,Arizona,Maricopa County,422402,1089.00,30.00,373.00,34.25,2.75,979.00,46.00,495.00,50.56
G0400130422403,Arizona,Maricopa County,422403,681.00,257.00,0.00,0.00,37.74,1051.00,450.00,20.00,1.90
G0400130422404,Arizona,Maricopa County,422404,1266.00,126.00,145.00,11.45,9.95,1379.00,202.00,225.00,16.32
G0400130422501,Arizona,Maricopa County,422501,1775.00,838.00,32.00,1.80,47.21,1804.00,766.00,19.00,1.05
G0400130422502,Arizona,Maricopa County,422502,987.00,341.00,55.00,5.57,34.55,1064.00,318.00,85.00,7.99
G0400130422503,Arizona,Maricopa County,422503,1217.00,350.00,57.00,4.68,28.76,1830.00,324.00,130.00,7.10
G0400130422504,Arizona,Maricopa County,422504,1967.00,0.00,337.00,17.13,0.00,3043.00,74.00,934.00,30.69
G0400130422506,Arizona,Maricopa County,422506,947.00,632.00,13.00,1.37,66.74,1152.00,548.00,45.00,3.91
G0400130422507,Arizona,Maricopa County,422507,758.00,314.00,9.00,1.19,41.42,753.00,435.00,31.00,4.12
G0400130422508,Arizona,Maricopa County,422508,576.00,58.00,275.00,47.74,10.07,578.00,2.00,247.00,42.73
G0400130422509,Arizona,Maricopa County,422509,1188.00,154.00,82.00,6.90,12.96,1208.00,65.00,107.00,8.86
G0400130422510,Arizona,Maricopa County,422510,0.00,0.00,0.00,0.00,0.00,0.00,0.00,0.00,#DIV/0!
G0400130422511,Arizona,Maricopa County,422511,0.00,0.00,0.00,0.00,0.00,24.00,0.00,0.00,0.00
G0400130422512,Arizona,Maricopa County,422512,1565.00,150.00,139.00,8.88,9.58,1390.00,182.00,160.00,11.51
G0400130422513,Arizona,Maricopa County,422513,805.00,413.00,11.00,1.37,51.30,900.00,473.00,6.00,0.67
G0400130422514,Arizona,Maricopa County,422514,179.00,0.00,45.00,25.14,0.00,214.00,4.00,96.00,44.86
G0400130422606,Arizona,Maricopa County,422606,2150.00,615.00,81.00,3.77,28.60,1223.00,444.00,68.00,5.56
G0400130422607,Arizona,Maricopa County,422607,394.00,0.00,132.00,33.50,0.00,387.00,34.00,217.00,56.07
G0400130422609,Arizona,Maricopa County,422609,2260.00,149.00,245.00,10.84,6.59,2333.00,101.00,363.00,15.56
G0400130422610,Arizona,Maricopa County,422610,568.00,57.00,130.00,22.89,10.04,803.00,0.00,236.00,29.39
G0400130422615,Arizona,Maricopa County,422615,682.00,21.00,259.00,37.98,3.08,596.00,14.00,187.00,31.38
G0400130422616,Arizona,Maricopa County,422616,1551.00,218.00,118.00,7.61,14.06,1547.00,267.00,196.00,12.67
G0400130422617,Arizona,Maricopa County,422617,1623.00,883.00,110.00,6.78,54.41,2325.00,960.00,91.00,3.91
G0400130422618,Arizona,Maricopa County,422618,18.00,9.00,0.00,0.00,50.00,0.00,0.00,0.00,#DIV/0!
G0400130422620,Arizona,Maricopa County,422620,1753.00,203.00,513.00,29.26,11.58,1908.00,104.00,566.00,29.66
G0400130422621,Arizona,Maricopa County,422621,1600.00,156.00,531.00,33.19,9.75,1312.00,146.00,339.00,25.84
G0400130422622,Arizona,Maricopa County,422622,1165.00,107.00,125.00,10.73,9.18,1217.00,114.00,82.00,6.74
G0400130422623,Arizona,Maricopa County,422623,1671.00,11.00,376.00,22.50,0.66,1572.00,68.00,579.00,36.83
G0400130422624,Arizona,Maricopa County,422624,1069.00,217.00,101.00,9.45,20.30,1022.00,206.00,67.00,6.56
G0400130422625,Arizona,Maricopa County,422625,1519.00,109.00,136.00,8.95,7.18,1473.00,286.00,144.00,9.78
G0400130422626,Arizona,Maricopa County,422626,1837.00,437.00,143.00,7.78,23.79,1906.00,394.00,90.00,4.72
G0400130422627,Arizona,Maricopa County,422627,683.00,114.00,27.00,3.95,16.69,802.00,135.00,67.00,8.35
G0400130422628,Arizona,Maricopa County,422628,928.00,165.00,28.00,3.02,17.78,930.00,179.00,79.00,8.49
G0400130422629,Arizona,Maricopa County,422629,1744.00,396.00,83.00,4.76,22.71,1639.00,385.00,117.00,7.14
G0400130422630,Arizona,Maricopa County,422630,1076.00,334.00,67.00,6.23,31.04,1061.00,227.00,84.00,7.92
G0400130422631,Arizona,Maricopa County,422631,850.00,16.00,289.00,34.00,1.88,1020.00,39.00,329.00,32.25
G0400130422632,Arizona,Maricopa County,422632,1086.00,91.00,162.00,14.92,8.38,1073.00,83.00,179.00,16.68
G0400130422633,Arizona,Maricopa County,422633,588.00,143.00,70.00,11.90,24.32,495.00,117.00,26.00,5.25
G0400130422634,Arizona,Maricopa County,422634,2159.00,197.00,299.00,13.85,9.12,2332.00,171.00,398.00,17.07
G0400130422635,Arizona,Maricopa County,422635,2185.00,162.00,299.00,13.68,7.41,2445.00,234.00,463.00,18.94
G0400130422636,Arizona,Maricopa County,422636,1651.00,75.00,330.00,19.99,4.54,1620.00,191.00,366.00,22.59
G0400130422637,Arizona,Maricopa County,422637,1987.00,369.00,522.00,26.27,18.57,1920.00,261.00,238.00,12.40
G0400130422638,Arizona,Maricopa County,422638,2318.00,212.00,174.00,7.51,9.15,2462.00,341.00,168.00,6.82
G0400130422639,Arizona,Maricopa County,422639,460.00,133.00,107.00,23.26,28.91,530.00,175.00,42.00,7.92
G0400130422640,Arizona,Maricopa County,422640,2170.00,60.00,740.00,34.10,2.76,2192.00,71.00,560.00,25.55
G0400130422641,Arizona,Maricopa County,422641,1656.00,733.00,163.00,9.84,44.26,1735.00,472.00,204.00,11.76
G0400130422642,Arizona,Maricopa County,422642,1864.00,748.00,197.00,10.57,40.13,2094.00,918.00,259.00,12.37
G0400130422643,Arizona,Maricopa County,422643,1845.00,942.00,90.00,4.88,51.06,1947.00,860.00,133.00,6.83
G0400130422644,Arizona,Maricopa County,422644,1777.00,546.00,152.00,8.55,30.73,2102.00,862.00,133.00,6.33
G0400130422646,Arizona,Maricopa County,422646,1968.00,367.00,157.00,7.98,18.65,1924.00,448.00,100.00,5.20
G0400130522800,Arizona,Maricopa County,522800,846.00,216.00,17.00,2.01,25.53,1807.00,475.00,194.00,10.74
G0400130522901,Arizona,Maricopa County,522901,1049.00,450.00,98.00,9.34,42.90,1469.00,612.00,97.00,6.60
G0400130522903,Arizona,Maricopa County,522903,1497.00,104.00,473.00,31.60,6.95,1245.00,109.00,343.00,27.55
G0400130522904,Arizona,Maricopa County,522904,1129.00,83.00,153.00,13.55,7.35,1209.00,74.00,324.00,26.80
G0400130523002,Arizona,Maricopa County,523002,2616.00,550.00,434.00,16.59,21.02,2608.00,500.00,170.00,6.52
G0400130523003,Arizona,Maricopa County,523003,870.00,218.00,32.00,3.68,25.06,1704.00,496.00,118.00,6.92
G0400130523005,Arizona,Maricopa County,523005,642.00,20.00,10.00,1.56,3.12,737.00,123.00,69.00,9.36
G0400130523006,Arizona,Maricopa County,523006,917.00,318.00,24.00,2.62,34.68,1080.00,552.00,106.00,9.81
G0400130523102,Arizona,Maricopa County,523102,1264.00,525.00,66.00,5.22,41.53,1239.00,567.00,79.00,6.38
G0400130523103,Arizona,Maricopa County,523103,749.00,20.00,332.00,44.33,2.67,886.00,18.00,439.00,49.55
G0400130523104,Arizona,Maricopa County,523104,2287.00,231.00,192.00,8.40,10.10,2352.00,367.00,295.00,12.54
G0400130610000,Arizona,Maricopa County,610000,1260.00,24.00,251.00,19.92,1.90,1549.00,103.00,446.00,28.79
G0400130610100,Arizona,Maricopa County,610100,2510.00,147.00,600.00,23.90,5.86,2291.00,144.00,752.00,32.82
G0400130610200,Arizona,Maricopa County,610200,2107.00,71.00,642.00,30.47,3.37,2119.00,50.00,713.00,33.65
G0400130610300,Arizona,Maricopa County,610300,1647.00,27.00,457.00,27.75,1.64,1687.00,95.00,525.00,31.12
G0400130610400,Arizona,Maricopa County,610400,952.00,67.00,193.00,20.27,7.04,1179.00,30.00,237.00,20.10
G0400130610500,Arizona,Maricopa County,610500,1261.00,51.00,246.00,19.51,4.04,1214.00,20.00,353.00,29.08
G0400130610600,Arizona,Maricopa County,610600,1076.00,62.00,198.00,18.40,5.76,1186.00,23.00,350.00,29.51
G0400130610700,Arizona,Maricopa County,610700,1231.00,243.00,232.00,18.85,19.74,1199.00,94.00,285.00,23.77
G0400130610800,Arizona,Maricopa County,610800,1853.00,92.00,503.00,27.15,4.96,1664.00,127.00,537.00,32.27
G0400130610900,Arizona,Maricopa County,610900,1552.00,122.00,379.00,24.42,7.86,1498.00,43.00,289.00,19.29
G0400130611000,Arizona,Maricopa County,611000,2310.00,166.00,579.00,25.06,7.19,2311.00,251.00,721.00,31.20
G0400130611100,Arizona,Maricopa County,611100,2112.00,154.00,463.00,21.92,7.29,2167.00,303.00,338.00,15.60
G0400130611200,Arizona,Maricopa County,611200,1108.00,261.00,81.00,7.31,23.56,1084.00,281.00,109.00,10.06
G0400130611300,Arizona,Maricopa County,611300,1078.00,454.00,101.00,9.37,42.12,1032.00,508.00,94.00,9.11
G0400130611400,Arizona,Maricopa County,611400,1635.00,348.00,200.00,12.23,21.28,1519.00,199.00,210.00,13.82
G0400130611500,Arizona,Maricopa County,611500,2050.00,1079.00,97.00,4.73,52.63,2120.00,1058.00,129.00,6.08
G0400130611600,Arizona,Maricopa County,611600,2448.00,378.00,311.00,12.70,15.44,2355.00,402.00,392.00,16.65
G0400130611700,Arizona,Maricopa County,611700,1256.00,188.00,156.00,12.42,14.97,1325.00,290.00,236.00,17.81
G0400130611800,Arizona,Maricopa County,611800,1659.00,577.00,35.00,2.11,34.78,1766.00,523.00,168.00,9.51
G0400130611900,Arizona,Maricopa County,611900,1762.00,892.00,110.00,6.24,50.62,1797.00,821.00,127.00,7.07
G0400130612000,Arizona,Maricopa County,612000,2408.00,1028.00,54.00,2.24,42.69,2597.00,1046.00,149.00,5.74
G0400130612200,Arizona,Maricopa County,612200,1977.00,442.00,237.00,11.99,22.36,2156.00,522.00,178.00,8.26
G0400130612300,Arizona,Maricopa County,612300,1166.00,130.00,224.00,19.21,11.15,1086.00,171.00,218.00,20.07
G0400130612400,Arizona,Maricopa County,612400,1603.00,200.00,202.00,12.60,12.48,1785.00,344.00,361.00,20.22
G0400130612500,Arizona,Maricopa County,612500,1375.00,11.00,394.00,28.65,0.80,1495.00,56.00,425.00,28.43
G0400130612600,Arizona,Maricopa County,612600,1289.00,362.00,33.00,2.56,28.08,1373.00,610.00,52.00,3.79
G0400130612700,Arizona,Maricopa County,612700,470.00,221.00,17.00,3.62,47.02,489.00,267.00,0.00,0.00
G0400130612800,Arizona,Maricopa County,612800,724.00,35.00,263.00,36.33,4.83,830.00,142.00,168.00,20.24
G0400130612900,Arizona,Maricopa County,612900,1389.00,77.00,222.00,15.98,5.54,1328.00,109.00,180.00,13.55
G0400130613000,Arizona,Maricopa County,613000,1133.00,42.00,443.00,39.10,3.71,1188.00,15.00,466.00,39.23
G0400130613100,Arizona,Maricopa County,613100,1840.00,122.00,537.00,29.18,6.63,1860.00,298.00,559.00,30.05
G0400130613200,Arizona,Maricopa County,613200,1367.00,76.00,552.00,40.38,5.56,1439.00,55.00,553.00,38.43
G0400130613300,Arizona,Maricopa County,613300,2395.00,277.00,259.00,10.81,11.57,2368.00,457.00,603.00,25.46
G0400130613400,Arizona,Maricopa County,613400,1720.00,126.00,620.00,36.05,7.33,1912.00,100.00,755.00,39.49
G0400130613500,Arizona,Maricopa County,613500,1578.00,74.00,478.00,30.29,4.69,1611.00,41.00,785.00,48.73
G0400130613600,Arizona,Maricopa County,613600,1845.00,43.00,783.00,42.44,2.33,1852.00,75.00,901.00,48.65
G0400130613700,Arizona,Maricopa County,613700,920.00,8.00,486.00,52.83,0.87,815.00,29.00,368.00,45.15
G0400130613800,Arizona,Maricopa County,613800,1852.00,338.00,292.00,15.77,18.25,1850.00,320.00,224.00,12.11
G0400130613900,Arizona,Maricopa County,613900,2673.00,408.00,388.00,14.52,15.26,2797.00,498.00,383.00,13.69
G0400130614000,Arizona,Maricopa County,614000,2070.00,539.00,215.00,10.39,26.04,2149.00,521.00,143.00,6.65
G0400130614100,Arizona,Maricopa County,614100,2132.00,206.00,300.00,14.07,9.66,2418.00,233.00,396.00,16.38
G0400130614200,Arizona,Maricopa County,614200,851.00,48.00,310.00,36.43,5.64,827.00,62.00,145.00,17.53
G0400130614300,Arizona,Maricopa County,614300,2031.00,1124.00,214.00,10.54,55.34,1953.00,1092.00,63.00,3.23
G0400130614400,Arizona,Maricopa County,614400,2294.00,723.00,202.00,8.81,31.52,2262.00,926.00,208.00,9.20
G0400130614500,Arizona,Maricopa County,614500,1232.00,23.00,299.00,24.27,1.87,1376.00,67.00,275.00,19.99
G0400130614600,Arizona,Maricopa County,614600,1664.00,101.00,455.00,27.34,6.07,1746.00,115.00,504.00,28.87
G0400130614700,Arizona,Maricopa County,614700,1456.00,357.00,167.00,11.47,24.52,1483.00,445.00,185.00,12.47
G0400130614800,Arizona,Maricopa County,614800,423.00,0.00,243.00,57.45,0.00,339.00,11.00,251.00,74.04
G0400130614900,Arizona,Maricopa County,614900,1248.00,117.00,247.00,19.79,9.38,1395.00,88.00,180.00,12.90
G0400130615000,Arizona,Maricopa County,615000,2263.00,29.00,600.00,26.51,1.28,2060.00,71.00,1180.00,57.28
G0400130615100,Arizona,Maricopa County,615100,1019.00,86.00,310.00,30.42,8.44,1099.00,37.00,324.00,29.48
G0400130615200,Arizona,Maricopa County,615200,1298.00,63.00,404.00,31.12,4.85,1317.00,32.00,757.00,57.48
G0400130615300,Arizona,Maricopa County,615300,488.00,17.00,236.00,48.36,3.48,272.00,8.00,67.00,24.63
G0400130615400,Arizona,Maricopa County,615400,1350.00,175.00,164.00,12.15,12.96,1321.00,143.00,248.00,18.77
G0400130615500,Arizona,Maricopa County,615500,934.00,50.00,321.00,34.37,5.35,1096.00,30.00,342.00,31.20
G0400130615600,Arizona,Maricopa County,615600,1277.00,29.00,439.00,34.38,2.27,1172.00,6.00,517.00,44.11
G0400130615700,Arizona,Maricopa County,615700,1661.00,94.00,348.00,20.95,5.66,1586.00,93.00,344.00,21.69
G0400130615800,Arizona,Maricopa County,615800,1130.00,333.00,149.00,13.19,29.47,983.00,299.00,81.00,8.24
G0400130615900,Arizona,Maricopa County,615900,2102.00,336.00,429.00,20.41,15.98,1891.00,733.00,252.00,13.33
G0400130616000,Arizona,Maricopa County,616000,2155.00,167.00,566.00,26.26,7.75,2312.00,289.00,558.00,24.13
G0400130616100,Arizona,Maricopa County,616100,1012.00,215.00,95.00,9.39,21.25,912.00,239.00,122.00,13.38
G0400130616200,Arizona,Maricopa County,616200,1421.00,9.00,794.00,55.88,0.63,1482.00,34.00,531.00,35.83
G0400130616300,Arizona,Maricopa County,616300,1871.00,92.00,393.00,21.00,4.92,1611.00,156.00,394.00,24.46
G0400130616400,Arizona,Maricopa County,616400,1008.00,0.00,243.00,24.11,0.00,1095.00,16.00,383.00,34.98
G0400130616500,Arizona,Maricopa County,616500,2018.00,128.00,530.00,26.26,6.34,1912.00,44.00,558.00,29.18
G0400130616600,Arizona,Maricopa County,616600,564.00,35.00,209.00,37.06,6.21,494.00,22.00,118.00,23.89
G0400130616700,Arizona,Maricopa County,616700,1325.00,104.00,438.00,33.06,7.85,1489.00,88.00,350.00,23.51
G0400130616800,Arizona,Maricopa County,616800,598.00,23.00,87.00,14.55,3.85,593.00,23.00,120.00,20.24
G0400130616900,Arizona,Maricopa County,616900,607.00,115.00,75.00,12.36,18.95,587.00,95.00,144.00,24.53
G0400130617000,Arizona,Maricopa County,617000,858.00,53.00,154.00,17.95,6.18,838.00,38.00,277.00,33.05
G0400130617100,Arizona,Maricopa County,617100,1684.00,104.00,432.00,25.65,6.18,1423.00,82.00,682.00,47.93
G0400130617200,Arizona,Maricopa County,617200,1535.00,567.00,234.00,15.24,36.94,1569.00,659.00,172.00,10.96
G0400130617300,Arizona,Maricopa County,617300,1880.00,166.00,494.00,26.28,8.83,1799.00,251.00,335.00,18.62
G0400130617400,Arizona,Maricopa County,617400,1064.00,61.00,310.00,29.14,5.73,1314.00,15.00,358.00,27.25
G0400130617500,Arizona,Maricopa County,617500,2271.00,32.00,621.00,27.34,1.41,2503.00,72.00,1012.00,40.43
G0400130617600,Arizona,Maricopa County,617600,972.00,69.00,265.00,27.26,7.10,994.00,32.00,239.00,24.04
G0400130617700,Arizona,Maricopa County,617700,1182.00,120.00,70.00,5.92,10.15,1223.00,67.00,279.00,22.81
G0400130617800,Arizona,Maricopa County,617800,1656.00,89.00,381.00,23.01,5.37,1483.00,69.00,351.00,23.67
G0400130617900,Arizona,Maricopa County,617900,1748.00,410.00,310.00,17.73,23.46,1684.00,422.00,174.00,10.33
G0400130618000,Arizona,Maricopa County,618000,2814.00,222.00,972.00,34.54,7.89,2904.00,309.00,1099.00,37.84
G0400130618100,Arizona,Maricopa County,618100,2154.00,117.00,387.00,17.97,5.43,2138.00,90.00,786.00,36.76
G0400130618200,Arizona,Maricopa County,618200,1357.00,0.00,335.00,24.69,0.00,1372.00,65.00,301.00,21.94
G0400130618300,Arizona,Maricopa County,618300,1306.00,12.00,634.00,48.55,0.92,905.00,15.00,388.00,42.87
G0400130618400,Arizona,Maricopa County,618400,1375.00,248.00,219.00,15.93,18.04,1449.00,382.00,266.00,18.36
G0400130618500,Arizona,Maricopa County,618500,1639.00,54.00,521.00,31.79,3.29,1473.00,16.00,598.00,40.60
G0400130618600,Arizona,Maricopa County,618600,1190.00,70.00,255.00,21.43,5.88,1148.00,49.00,432.00,37.63
G0400130618700,Arizona,Maricopa County,618700,2235.00,48.00,384.00,17.18,2.15,2272.00,90.00,858.00,37.76
G0400130618800,Arizona,Maricopa County,618800,2379.00,158.00,487.00,20.47,6.64,2052.00,165.00,377.00,18.37
G0400130618900,Arizona,Maricopa County,618900,1384.00,338.00,67.00,4.84,24.42,1514.00,426.00,72.00,4.76
G0400130619000,Arizona,Maricopa County,619000,1337.00,106.00,362.00,27.08,7.93,1313.00,73.00,371.00,28.26
G0400130619100,Arizona,Maricopa County,619100,1515.00,307.00,271.00,17.89,20.26,1396.00,282.00,242.00,17.34
G0400130619200,Arizona,Maricopa County,619200,1607.00,281.00,152.00,9.46,17.49,1553.00,307.00,210.00,13.52
G0400130619300,Arizona,Maricopa County,619300,2193.00,380.00,428.00,19.52,17.33,2154.00,418.00,697.00,32.36
G0400130619400,Arizona,Maricopa County,619400,1584.00,49.00,598.00,37.75,3.09,1693.00,8.00,766.00,45.25
G0400130619500,Arizona,Maricopa County,619500,1216.00,367.00,70.00,5.76,30.18,1238.00,303.00,143.00,11.55
G0400130619600,Arizona,Maricopa County,619600,2168.00,586.00,332.00,15.31,27.03,2314.00,253.00,259.00,11.19
G0400130619700,Arizona,Maricopa County,619700,2317.00,737.00,107.00,4.62,31.81,2107.00,622.00,139.00,6.60
G0400130619800,Arizona,Maricopa County,619800,2310.00,162.00,370.00,16.02,7.01,2150.00,162.00,471.00,21.91
G0400130619900,Arizona,Maricopa County,619900,1347.00,154.00,152.00,11.28,11.43,1386.00,241.00,119.00,8.59
G0400130723303,Arizona,Maricopa County,723303,1291.00,82.00,210.00,16.27,6.35,1279.00,126.00,251.00,19.62
G0400130723304,Arizona,Maricopa County,723304,1272.00,198.00,191.00,15.02,15.57,1341.00,323.00,127.00,9.47
G0400130723305,Arizona,Maricopa County,723305,1166.00,86.00,219.00,18.78,7.38,1229.00,63.00,309.00,25.14
G0400130723306,Arizona,Maricopa County,723306,2069.00,87.00,454.00,21.94,4.20,2093.00,113.00,627.00,29.96
G0400130723307,Arizona,Maricopa County,723307,2066.00,377.00,311.00,15.05,18.25,2255.00,453.00,402.00,17.83
G0400130723308,Arizona,Maricopa County,723308,1271.00,576.00,44.00,3.46,45.32,1181.00,679.00,47.00,3.98
G0400130810000,Arizona,Maricopa County,810000,1400.00,225.00,197.00,14.07,16.07,1635.00,184.00,180.00,11.01
G0400130810100,Arizona,Maricopa County,810100,768.00,167.00,25.00,3.26,21.74,861.00,339.00,14.00,1.63
G0400130810200,Arizona,Maricopa County,810200,1609.00,144.00,256.00,15.91,8.95,1928.00,309.00,128.00,6.64
G0400130810300,Arizona,Maricopa County,810300,1640.00,83.00,136.00,8.29,5.06,1629.00,163.00,222.00,13.63
G0400130810400,Arizona,Maricopa County,810400,1149.00,120.00,212.00,18.45,10.44,1071.00,18.00,500.00,46.69
G0400130810500,Arizona,Maricopa County,810500,1502.00,141.00,179.00,11.92,9.39,1455.00,95.00,367.00,25.22
G0400130810600,Arizona,Maricopa County,810600,1110.00,119.00,34.00,3.06,10.72,1041.00,72.00,89.00,8.55
G0400130810700,Arizona,Maricopa County,810700,1114.00,115.00,209.00,18.76,10.32,1208.00,49.00,231.00,19.12
G0400130810800,Arizona,Maricopa County,810800,1413.00,207.00,103.00,7.29,14.65,1356.00,203.00,224.00,16.52
G0400130810900,Arizona,Maricopa County,810900,1324.00,128.00,248.00,18.73,9.67,1403.00,285.00,170.00,12.12
G0400130811000,Arizona,Maricopa County,811000,707.00,107.00,96.00,13.58,15.13,652.00,107.00,31.00,4.75
G0400130811100,Arizona,Maricopa County,811100,1331.00,134.00,115.00,8.64,10.07,1816.00,243.00,68.00,3.74
G0400130811200,Arizona,Maricopa County,811200,1729.00,23.00,301.00,17.41,1.33,1721.00,17.00,427.00,24.81
G0400130811300,Arizona,Maricopa County,811300,2442.00,603.00,403.00,16.50,24.69,2288.00,524.00,434.00,18.97
G0400130811400,Arizona,Maricopa County,811400,1129.00,39.00,317.00,28.08,3.45,1213.00,50.00,296.00,24.40
G0400130811500,Arizona,Maricopa County,811500,1057.00,17.00,86.00,8.14,1.61,1094.00,27.00,237.00,21.66
G0400130811600,Arizona,Maricopa County,811600,1292.00,36.00,167.00,12.93,2.79,1287.00,46.00,216.00,16.78
G0400130811700,Arizona,Maricopa County,811700,1335.00,138.00,144.00,10.79,10.34,1393.00,77.00,232.00,16.65
G0400130811800,Arizona,Maricopa County,811800,1265.00,154.00,68.00,5.38,12.17,1178.00,32.00,126.00,10.70
G0400130811900,Arizona,Maricopa County,811900,1135.00,380.00,78.00,6.87,33.48,1931.00,626.00,127.00,6.58
G0400130812000,Arizona,Maricopa County,812000,2065.00,266.00,216.00,10.46,12.88,2509.00,272.00,203.00,8.09
G0400130812100,Arizona,Maricopa County,812100,999.00,44.00,325.00,32.53,4.40,931.00,55.00,279.00,29.97
G0400130812200,Arizona,Maricopa County,812200,1979.00,91.00,329.00,16.62,4.60,2505.00,276.00,412.00,16.45
G0400130812300,Arizona,Maricopa County,812300,597.00,0.00,253.00,42.38,0.00,597.00,9.00,200.00,33.50
G0400130812400,Arizona,Maricopa County,812400,1400.00,45.00,141.00,10.07,3.21,1224.00,32.00,299.00,24.43
G0400130812500,Arizona,Maricopa County,812500,1684.00,77.00,466.00,27.67,4.57,1638.00,125.00,359.00,21.92
G0400130812600,Arizona,Maricopa County,812600,1379.00,10.00,360.00,26.11,0.73,1526.00,40.00,576.00,37.75
G0400130812700,Arizona,Maricopa County,812700,1192.00,35.00,300.00,25.17,2.94,1259.00,90.00,572.00,45.43
G0400130812800,Arizona,Maricopa County,812800,1248.00,67.00,348.00,27.88,5.37,1212.00,0.00,264.00,21.78
G0400130812900,Arizona,Maricopa County,812900,2124.00,82.00,726.00,34.18,3.86,1965.00,92.00,402.00,20.46
G0400130813000,Arizona,Maricopa County,813000,1978.00,136.00,443.00,22.40,6.88,1735.00,44.00,610.00,35.16
G0400130813100,Arizona,Maricopa County,813100,1846.00,597.00,139.00,7.53,32.34,1798.00,505.00,139.00,7.73
G0400130813200,Arizona,Maricopa County,813200,1657.00,311.00,263.00,15.87,18.77,1789.00,287.00,267.00,14.92
G0400130813300,Arizona,Maricopa County,813300,2468.00,904.00,128.00,5.19,36.63,2237.00,912.00,84.00,3.76
G0400130813400,Arizona,Maricopa County,813400,1891.00,110.00,275.00,14.54,5.82,1696.00,221.00,297.00,17.51
G0400130813500,Arizona,Maricopa County,813500,2466.00,260.00,451.00,18.29,10.54,2269.00,256.00,376.00,16.57
G0400130813600,Arizona,Maricopa County,813600,1211.00,329.00,180.00,14.86,27.17,1218.00,294.00,160.00,13.14
G0400130813700,Arizona,Maricopa County,813700,1836.00,238.00,196.00,10.68,12.96,1653.00,203.00,257.00,15.55
G0400130813800,Arizona,Maricopa County,813800,645.00,40.00,95.00,14.73,6.20,1676.00,248.00,147.00,8.77
G0400130813900,Arizona,Maricopa County,813900,1172.00,34.00,454.00,38.74,2.90,1351.00,31.00,391.00,28.94
G0400130814000,Arizona,Maricopa County,814000,1033.00,100.00,158.00,15.30,9.68,994.00,147.00,156.00,15.69
G0400130814100,Arizona,Maricopa County,814100,1404.00,263.00,110.00,7.83,18.73,1436.00,305.00,86.00,5.99
G0400130814200,Arizona,Maricopa County,814200,1818.00,145.00,323.00,17.77,7.98,1802.00,348.00,282.00,15.65
G0400130814300,Arizona,Maricopa County,814300,1950.00,263.00,227.00,11.64,13.49,1725.00,98.00,207.00,12.00
G0400130814400,Arizona,Maricopa County,814400,1398.00,225.00,52.00,3.72,16.09,1511.00,188.00,209.00,13.83
G0400130814500,Arizona,Maricopa County,814500,606.00,118.00,73.00,12.05,19.47,663.00,130.00,74.00,11.16
G0400130814600,Arizona,Maricopa County,814600,1668.00,231.00,207.00,12.41,13.85,1713.00,222.00,130.00,7.59
G0400130814700,Arizona,Maricopa County,814700,1147.00,74.00,158.00,13.78,6.45,1171.00,77.00,372.00,31.77
G0400130814800,Arizona,Maricopa County,814800,1063.00,15.00,335.00,31.51,1.41,1051.00,54.00,395.00,37.58
G0400130814900,Arizona,Maricopa County,814900,3177.00,55.00,1027.00,32.33,1.73,2588.00,62.00,630.00,24.34
G0400130815000,Arizona,Maricopa County,815000,2113.00,317.00,88.00,4.16,15.00,2273.00,443.00,40.00,1.76
G0400130815100,Arizona,Maricopa County,815100,1968.00,171.00,58.00,2.95,8.69,1885.00,182.00,202.00,10.72
G0400130815200,Arizona,Maricopa County,815200,702.00,75.00,33.00,4.70,10.68,1051.00,161.00,147.00,13.99
G0400130815300,Arizona,Maricopa County,815300,1828.00,198.00,95.00,5.20,10.83,1714.00,209.00,141.00,8.23
G0400130815400,Arizona,Maricopa County,815400,1468.00,234.00,27.00,1.84,15.94,1730.00,230.00,231.00,13.35
G0400130815500,Arizona,Maricopa County,815500,1718.00,361.00,132.00,7.68,21.01,2428.00,346.00,156.00,6.43
G0400130815600,Arizona,Maricopa County,815600,600.00,104.00,92.00,15.33,17.33,681.00,63.00,82.00,12.04
G0400130815700,Arizona,Maricopa County,815700,4125.00,392.00,749.00,18.16,9.50,3887.00,273.00,833.00,21.43
G0400130815800,Arizona,Maricopa County,815800,3358.00,169.00,699.00,20.82,5.03,3313.00,303.00,557.00,16.81
G0400130815900,Arizona,Maricopa County,815900,2435.00,229.00,816.00,33.51,9.40,2476.00,225.00,876.00,35.38
G0400130816000,Arizona,Maricopa County,816000,1622.00,199.00,134.00,8.26,12.27,1881.00,223.00,259.00,13.77
G0400130816100,Arizona,Maricopa County,816100,1949.00,322.00,128.00,6.57,16.52,2325.00,577.00,259.00,11.14
G0400130816200,Arizona,Maricopa County,816200,1730.00,125.00,303.00,17.51,7.23,1572.00,98.00,321.00,20.42
G0400130816300,Arizona,Maricopa County,816300,1446.00,119.00,230.00,15.91,8.23,1613.00,182.00,260.00,16.12
G0400130816400,Arizona,Maricopa County,816400,2592.00,96.00,601.00,23.19,3.70,2309.00,105.00,520.00,22.52
G0400130816500,Arizona,Maricopa County,816500,1080.00,120.00,100.00,9.26,11.11,916.00,62.00,109.00,11.90
G0400130816600,Arizona,Maricopa County,816600,2478.00,1058.00,20.00,0.81,42.70,2918.00,1119.00,33.00,1.13
G0400130816700,Arizona,Maricopa County,816700,1134.00,87.00,205.00,18.08,7.67,1170.00,44.00,231.00,19.74
G0400130816800,Arizona,Maricopa County,816800,1160.00,129.00,195.00,16.81,11.12,1329.00,125.00,362.00,27.24
G0400130816900,Arizona,Maricopa County,816900,724.00,22.00,75.00,10.36,3.04,785.00,39.00,84.00,10.70
G0400130817000,Arizona,Maricopa County,817000,1261.00,23.00,298.00,23.63,1.82,1579.00,37.00,508.00,32.17
G0400130817100,Arizona,Maricopa County,817100,1908.00,11.00,374.00,19.60,0.58,2033.00,97.00,462.00,22.73
G0400130817200,Arizona,Maricopa County,817200,911.00,70.00,190.00,20.86,7.68,1203.00,150.00,90.00,7.48
G0400130817300,Arizona,Maricopa County,817300,1318.00,42.00,325.00,24.66,3.19,1336.00,103.00,332.00,24.85
G0400130817400,Arizona,Maricopa County,817400,1523.00,27.00,519.00,34.08,1.77,1635.00,77.00,599.00,36.64
G0400130817500,Arizona,Maricopa County,817500,952.00,106.00,84.00,8.82,11.13,1035.00,58.00,216.00,20.87
G0400130817600,Arizona,Maricopa County,817600,1887.00,20.00,508.00,26.92,1.06,2176.00,36.00,621.00,28.54
G0400130940700,Arizona,Maricopa County,940700,1465.00,152.00,165.00,11.26,10.38,1568.00,133.00,144.00,9.18
G0400130941000,Arizona,Maricopa County,941000,2382.00,1485.00,137.00,5.75,62.34,2346.00,1279.00,132.00,5.63
G0400130941100,Arizona,Maricopa County,941100,1439.00,768.00,48.00,3.34,53.37,1336.00,682.00,29.00,2.17
G0400130941200,Arizona,Maricopa County,941200,1578.00,417.00,161.00,10.20,26.43,1613.00,339.00,154.00,9.55
G0400130941300,Arizona,Maricopa County,941300,1564.00,379.00,208.00,13.30,24.23,1902.00,332.00,222.00,11.67
G0400130980100,Arizona,Maricopa County,980100,2322.00,81.00,529.00,22.78,3.49,1866.00,200.00,449.00,24.06
G0400130980400,Arizona,Maricopa County,980400,2375.00,124.00,424.00,17.85,5.22,2486.00,209.00,524.00,21.08
G0400130980500,Arizona,Maricopa County,980500,951.00,37.00,213.00,22.40,3.89,1003.00,72.00,255.00,25.42
G0400130980600,Arizona,Maricopa County,980600,1888.00,80.00,293.00,15.52,4.24,1737.00,106.00,215.00,12.38
G0400130980700,Arizona,Maricopa County,980700,1226.00,165.00,76.00,6.20,13.46,1195.00,242.00,74.00,6.19