GISJOIN,GEOGYEAR,STATE,STATEA,COUNTY,COUNTYA,TRACTA,Asian_1990,Asian_2000,Asian_2010
G0400130010101,2010,Arizona,4,Maricopa County,13,10101,0,7,61
G0400130010102,2010,Arizona,4,Maricopa County,13,10102,10,9,108
G0400130030401,2010,Arizona,4,Maricopa County,13,30401,9,12,65
G0400130030402,2010,Arizona,4,Maricopa County,13,30402,7,14,27
G0400130040502,2010,Arizona,4,Maricopa County,13,40502,16,20,24
G0400130040506,2010,Arizona,4,Maricopa County,13,40506,4,10,14
G0400130040507,2010,Arizona,4,Maricopa County,13,40507,11,21,35
G0400130040512,2010,Arizona,4,Maricopa County,13,40512,0,6,12
G0400130040513,2010,Arizona,4,Maricopa County,13,40513,7,11,15
G0400130040514,2010,Arizona,4,Maricopa County,13,40514,3,13,22
G0400130040515,2010,Arizona,4,Maricopa County,13,40515,3,6.93,22
G0400130040516,2010,Arizona,4,Maricopa County,13,40516,0,0,26
G0400130040517,2010,Arizona,4,Maricopa County,13,40517,14,12,83
G0400130040518,2010,Arizona,4,Maricopa County,13,40518,4,8.07,50
G0400130040519,2010,Arizona,4,Maricopa County,13,40519,0,0,103
G0400130040520,2010,Arizona,4,Maricopa County,13,40520,0,0,159
G0400130040521,2010,Arizona,4,Maricopa County,13,40521,0,0,103
G0400130040522,2010,Arizona,4,Maricopa County,13,40522,0,31,39
G0400130040523,2010,Arizona,4,Maricopa County,13,40523,0,5,42
G0400130040524,2010,Arizona,4,Maricopa County,13,40524,0,0,22
G0400130040525,2010,Arizona,4,Maricopa County,13,40525,0,0,36
G0400130040526,2010,Arizona,4,Maricopa County,13,40526,0,2,18
G0400130040527,2010,Arizona,4,Maricopa County,13,40527,0,1,78
G0400130040528,2010,Arizona,4,Maricopa County,13,40528,0.07,33,48
G0400130040529,2010,Arizona,4,Maricopa County,13,40529,0,9,38
G0400130040530,2010,Arizona,4,Maricopa County,13,40530,2.93,62,63
G0400130040531,2010,Arizona,4,Maricopa County,13,40531,0,46,37
G0400130050603,2010,Arizona,4,Maricopa County,13,50603,10,3,7
G0400130050604,2010,Arizona,4,Maricopa County,13,50604,3,3,10
G0400130050605,2010,Arizona,4,Maricopa County,13,50605,0,2,130
G0400130050606,2010,Arizona,4,Maricopa County,13,50606,4,11,204
G0400130050607,2010,Arizona,4,Maricopa County,13,50607,1,7,131
G0400130050608,2010,Arizona,4,Maricopa County,13,50608,3.98,1,142
G0400130050609,2010,Arizona,4,Maricopa County,13,50609,0,0,102
G0400130050610,2010,Arizona,4,Maricopa County,13,50610,3.02,8,132
G0400130050611,2010,Arizona,4,Maricopa County,13,50611,0,0,70
G0400130050701,2010,Arizona,4,Maricopa County,13,50701,1,2,38
G0400130050702,2010,Arizona,4,Maricopa County,13,50702,43,22,34
G0400130060801,2010,Arizona,4,Maricopa County,13,60801,2,57,31
G0400130060802,2010,Arizona,4,Maricopa County,13,60802,0,0,53
G0400130060901,2010,Arizona,4,Maricopa County,13,60901,5,2,83
G0400130060902,2010,Arizona,4,Maricopa County,13,60902,1,1,22
G0400130060903,2010,Arizona,4,Maricopa County,13,60903,0.88,22.41,54
G0400130060904,2010,Arizona,4,Maricopa County,13,60904,2.12,1.59,35
G0400130061009,2010,Arizona,4,Maricopa County,13,61009,0,4,338
G0400130061010,2010,Arizona,4,Maricopa County,13,61010,81,110,193
G0400130061011,2010,Arizona,4,Maricopa County,13,61011,3.47,21.26,311
G0400130061012,2010,Arizona,4,Maricopa County,13,61012,13,189,527
G0400130061013,2010,Arizona,4,Maricopa County,13,61013,0,0,420
G0400130061014,2010,Arizona,4,Maricopa County,13,61014,0,0,179
G0400130061015,2010,Arizona,4,Maricopa County,13,61015,0,148,154
G0400130061016,2010,Arizona,4,Maricopa County,13,61016,0,0,625
G0400130061017,2010,Arizona,4,Maricopa County,13,61017,7,0,22
G0400130061018,2010,Arizona,4,Maricopa County,13,61018,0,21,64
G0400130061019,2010,Arizona,4,Maricopa County,13,61019,0,16,133
G0400130061020,2010,Arizona,4,Maricopa County,13,61020,0,9,227
G0400130061021,2010,Arizona,4,Maricopa County,13,61021,0,0,223
G0400130061022,2010,Arizona,4,Maricopa County,13,61022,0,27,309
G0400130061023,2010,Arizona,4,Maricopa County,13,61023,1,3,259
G0400130061024,2010,Arizona,4,Maricopa County,13,61024,29,0,44
G0400130061025,2010,Arizona,4,Maricopa County,13,61025,0,0,320
G0400130061026,2010,Arizona,4,Maricopa County,13,61026,0,0,114
G0400130061027,2010,Arizona,4,Maricopa County,13,61027,0,24,88
G0400130061028,2010,Arizona,4,Maricopa County,13,61028,2,1,75
G0400130061029,2010,Arizona,4,Maricopa County,13,61029,0,61,120
G0400130061030,2010,Arizona,4,Maricopa County,13,61030,0,0,147
G0400130061031,2010,Arizona,4,Maricopa County,13,61031,0,4,150
G0400130061032,2010,Arizona,4,Maricopa County,13,61032,0,0,134
G0400130061033,2010,Arizona,4,Maricopa County,13,61033,0,13,116
G0400130061034,2010,Arizona,4,Maricopa County,13,61034,0,0,276
G0400130061035,2010,Arizona,4,Maricopa County,13,61035,0,1,236
G0400130061036,2010,Arizona,4,Maricopa County,13,61036,0,0,230
G0400130061037,2010,Arizona,4,Maricopa County,13,61037,0,0,133
G0400130061038,2010,Arizona,4,Maricopa County,13,61038,0,0,144
G0400130061039,2010,Arizona,4,Maricopa County,13,61039,0,0,235
G0400130061040,2010,Arizona,4,Maricopa County,13,61040,0,0,115
G0400130061041,2010,Arizona,4,Maricopa County,13,61041,0,0,96
G0400130061042,2010,Arizona,4,Maricopa County,13,61042,0,1,14
G0400130061043,2010,Arizona,4,Maricopa County,13,61043,0,1,39
G0400130061044,2010,Arizona,4,Maricopa County,13,61044,3,2,180
G0400130061045,2010,Arizona,4,Maricopa County,13,61045,12.05,20.05,70
G0400130061046,2010,Arizona,4,Maricopa County,13,61046,105.63,95.08,175
G0400130061047,2010,Arizona,4,Maricopa County,13,61047,0.02,0,283
G0400130061100,2010,Arizona,4,Maricopa County,13,61100,202.83,122.62,139
G0400130061200,2010,Arizona,4,Maricopa County,13,61200,70.09,40.27,50
G0400130061300,2010,Arizona,4,Maricopa County,13,61300,29.46,22.78,21
G0400130061401,2010,Arizona,4,Maricopa County,13,61401,15.45,0.96,3
G0400130061402,2010,Arizona,4,Maricopa County,13,61402,23,25,33
G0400130071503,2010,Arizona,4,Maricopa County,13,71503,0,9,20
G0400130071504,2010,Arizona,4,Maricopa County,13,71504,2,10,30
G0400130071505,2010,Arizona,4,Maricopa County,13,71505,1,21.98,56
G0400130071506,2010,Arizona,4,Maricopa County,13,71506,6,12,21
G0400130071509,2010,Arizona,4,Maricopa County,13,71509,7,121,207
G0400130071510,2010,Arizona,4,Maricopa County,13,71510,100,197,172
G0400130071511,2010,Arizona,4,Maricopa County,13,71511,15,39,172
G0400130071512,2010,Arizona,4,Maricopa County,13,71512,69,191,175
G0400130071513,2010,Arizona,4,Maricopa County,13,71513,26,35,64
G0400130071514,2010,Arizona,4,Maricopa County,13,71514,0.25,134,135
G0400130071515,2010,Arizona,4,Maricopa County,13,71515,10.75,48,136
G0400130071516,2010,Arizona,4,Maricopa County,13,71516,3.72,11,63
G0400130071517,2010,Arizona,4,Maricopa County,13,71517,11.28,76,133
G0400130071600,2010,Arizona,4,Maricopa County,13,71600,3,17,32
G0400130071701,2010,Arizona,4,Maricopa County,13,71701,1,1,141
G0400130071702,2010,Arizona,4,Maricopa County,13,71702,6,9,18
G0400130071801,2010,Arizona,4,Maricopa County,13,71801,8,23,31
G0400130071802,2010,Arizona,4,Maricopa County,13,71802,9,16,30
G0400130071903,2010,Arizona,4,Maricopa County,13,71903,85,74,63
G0400130071906,2010,Arizona,4,Maricopa County,13,71906,58,139,296
G0400130071909,2010,Arizona,4,Maricopa County,13,71909,0,73,85
G0400130071910,2010,Arizona,4,Maricopa County,13,71910,63,92,102
G0400130071911,2010,Arizona,4,Maricopa County,13,71911,24,57,160
G0400130071912,2010,Arizona,4,Maricopa County,13,71912,26,24,25
G0400130071913,2010,Arizona,4,Maricopa County,13,71913,4,99,138
G0400130071914,2010,Arizona,4,Maricopa County,13,71914,20,45,30
G0400130071915,2010,Arizona,4,Maricopa County,13,71915,36,43,45
G0400130082002,2010,Arizona,4,Maricopa County,13,82002,69,97,106
G0400130082007,2010,Arizona,4,Maricopa County,13,82007,64,44,42
G0400130082008,2010,Arizona,4,Maricopa County,13,82008,40,102,128
G0400130082009,2010,Arizona,4,Maricopa County,13,82009,48,49,32
G0400130082010,2010,Arizona,4,Maricopa County,13,82010,56,79,59
G0400130082012,2010,Arizona,4,Maricopa County,13,82012,24,73,288
G0400130082016,2010,Arizona,4,Maricopa County,13,82016,0,0,181
G0400130082017,2010,Arizona,4,Maricopa County,13,82017,0,4,241
G0400130082018,2010,Arizona,4,Maricopa County,13,82018,50,137,139
G0400130082019,2010,Arizona,4,Maricopa County,13,82019,45,129,101
G0400130082020,2010,Arizona,4,Maricopa County,13,82020,27,126,156
G0400130082021,2010,Arizona,4,Maricopa County,13,82021,1,91,48
G0400130082022,2010,Arizona,4,Maricopa County,13,82022,0,39,201
G0400130082023,2010,Arizona,4,Maricopa County,13,82023,0,71,267
G0400130082024,2010,Arizona,4,Maricopa County,13,82024,0,2,148
G0400130082025,2010,Arizona,4,Maricopa County,13,82025,0,1,75
G0400130082026,2010,Arizona,4,Maricopa County,13,82026,0,0,297
G0400130082027,2010,Arizona,4,Maricopa County,13,82027,0,0,219
G0400130082028,2010,Arizona,4,Maricopa County,13,82028,16,137,126
G0400130082203,2010,Arizona,4,Maricopa County,13,82203,0,0,215
G0400130082204,2010,Arizona,4,Maricopa County,13,82204,0,0,204
G0400130082205,2010,Arizona,4,Maricopa County,13,82205,0,0,100
G0400130082206,2010,Arizona,4,Maricopa County,13,82206,0,0,177
G0400130082207,2010,Arizona,4,Maricopa County,13,82207,0,4,21
G0400130082208,2010,Arizona,4,Maricopa County,13,82208,2.1,2,34
G0400130082209,2010,Arizona,4,Maricopa County,13,82209,3,3,5
G0400130082210,2010,Arizona,4,Maricopa County,13,82210,0,0,113
G0400130082211,2010,Arizona,4,Maricopa County,13,82211,0.9,8,171
G0400130083000,2010,Arizona,4,Maricopa County,13,83000,25,21,61
G0400130092305,2010,Arizona,4,Maricopa County,13,92305,126,87,101
G0400130092306,2010,Arizona,4,Maricopa County,13,92306,95,202,220
G0400130092307,2010,Arizona,4,Maricopa County,13,92307,138,166,372
G0400130092308,2010,Arizona,4,Maricopa County,13,92308,215,251,205
G0400130092309,2010,Arizona,4,Maricopa County,13,92309,206,212,192
G0400130092311,2010,Arizona,4,Maricopa County,13,92311,49,61,62
G0400130092312,2010,Arizona,4,Maricopa County,13,92312,48,132,262
G0400130092401,2010,Arizona,4,Maricopa County,13,92401,88,87,84
G0400130092402,2010,Arizona,4,Maricopa County,13,92402,42,70,68
G0400130092500,2010,Arizona,4,Maricopa County,13,92500,43,123,241
G0400130092600,2010,Arizona,4,Maricopa County,13,92600,30,28,90
G0400130092705,2010,Arizona,4,Maricopa County,13,92705,41,48,271
G0400130092708,2010,Arizona,4,Maricopa County,13,92708,10,11,56
G0400130092709,2010,Arizona,4,Maricopa County,13,92709,79,88,104
G0400130092710,2010,Arizona,4,Maricopa County,13,92710,13,74,125
G0400130092711,2010,Arizona,4,Maricopa County,13,92711,3,31,201
G0400130092712,2010,Arizona,4,Maricopa County,13,92712,21,92,174
G0400130092713,2010,Arizona,4,Maricopa County,13,92713,33,177,233
G0400130092715,2010,Arizona,4,Maricopa County,13,92715,52.81,38,108
G0400130092716,2010,Arizona,4,Maricopa County,13,92716,86.19,77,59
G0400130092717,2010,Arizona,4,Maricopa County,13,92717,74,51,216
G0400130092718,2010,Arizona,4,Maricopa County,13,92718,38,28,146
G0400130092719,2010,Arizona,4,Maricopa County,13,92719,7,84,123
G0400130092720,2010,Arizona,4,Maricopa County,13,92720,42,47,127
G0400130092721,2010,Arizona,4,Maricopa County,13,92721,0,0,367
G0400130092723,2010,Arizona,4,Maricopa County,13,92723,8,51,71
G0400130092724,2010,Arizona,4,Maricopa County,13,92724,36,40,37
G0400130092801,2010,Arizona,4,Maricopa County,13,92801,45,19.08,37
G0400130092802,2010,Arizona,4,Maricopa County,13,92802,37,26,67
G0400130092900,2010,Arizona,4,Maricopa County,13,92900,31,19.92,9
G0400130093001,2010,Arizona,4,Maricopa County,13,93001,51,51,49
G0400130093002,2010,Arizona,4,Maricopa County,13,93002,47,51,101
G0400130093101,2010,Arizona,4,Maricopa County,13,93101,62,97,66
G0400130093104,2010,Arizona,4,Maricopa County,13,93104,21,41,41
G0400130093105,2010,Arizona,4,Maricopa County,13,93105,45,44,16
G0400130093106,2010,Arizona,4,Maricopa County,13,93106,29,52,62
G0400130093200,2010,Arizona,4,Maricopa County,13,93200,40,47,145
G0400130103205,2010,Arizona,4,Maricopa County,13,103205,52,28,44
G0400130103206,2010,Arizona,4,Maricopa County,13,103206,32,26,25
G0400130103207,2010,Arizona,4,Maricopa County,13,103207,21,30,43
G0400130103208,2010,Arizona,4,Maricopa County,13,103208,40,59,116
G0400130103209,2010,Arizona,4,Maricopa County,13,103209,84,151,163
G0400130103210,2010,Arizona,4,Maricopa County,13,103210,43,148,167
G0400130103211,2010,Arizona,4,Maricopa County,13,103211,153,105,105
G0400130103212,2010,Arizona,4,Maricopa County,13,103212,90,82,92
G0400130103214,2010,Arizona,4,Maricopa County,13,103214,60,110,140
G0400130103215,2010,Arizona,4,Maricopa County,13,103215,44,76,62
G0400130103216,2010,Arizona,4,Maricopa County,13,103216,68,116,280
G0400130103217,2010,Arizona,4,Maricopa County,13,103217,127,203,348
G0400130103219,2010,Arizona,4,Maricopa County,13,103219,27,85,124
G0400130103220,2010,Arizona,4,Maricopa County,13,103220,10,104,240
G0400130103302,2010,Arizona,4,Maricopa County,13,103302,77,79,94
G0400130103303,2010,Arizona,4,Maricopa County,13,103303,27,67,98
G0400130103304,2010,Arizona,4,Maricopa County,13,103304,23,41,55
G0400130103305,2010,Arizona,4,Maricopa County,13,103305,20,14,11
G0400130103306,2010,Arizona,4,Maricopa County,13,103306,19,42,26
G0400130103400,2010,Arizona,4,Maricopa County,13,103400,53,46,60
G0400130103501,2010,Arizona,4,Maricopa County,13,103501,29.74,75,97
G0400130103502,2010,Arizona,4,Maricopa County,13,103502,47.27,120,147
G0400130103604,2010,Arizona,4,Maricopa County,13,103604,29,204,218
G0400130103605,2010,Arizona,4,Maricopa County,13,103605,111,175,203
G0400130103606,2010,Arizona,4,Maricopa County,13,103606,16,112,164
G0400130103607,2010,Arizona,4,Maricopa County,13,103607,70.16,201,177
G0400130103608,2010,Arizona,4,Maricopa County,13,103608,26,89,319
G0400130103609,2010,Arizona,4,Maricopa County,13,103609,77,142,98
G0400130103611,2010,Arizona,4,Maricopa County,13,103611,109.84,162,205
G0400130103612,2010,Arizona,4,Maricopa County,13,103612,52,119,111
G0400130103614,2010,Arizona,4,Maricopa County,13,103614,66.07,58,56
G0400130103615,2010,Arizona,4,Maricopa County,13,103615,32.4,126,81
G0400130103701,2010,Arizona,4,Maricopa County,13,103701,38,182,215
G0400130103702,2010,Arizona,4,Maricopa County,13,103702,29,42,48
G0400130103900,2010,Arizona,4,Maricopa County,13,103900,49,101,93
G0400130104000,2010,Arizona,4,Maricopa County,13,104000,43,130,221
G0400130104100,2010,Arizona,4,Maricopa County,13,104100,92,99,88
G0400130104202,2010,Arizona,4,Maricopa County,13,104202,78,92,108
G0400130104203,2010,Arizona,4,Maricopa County,13,104203,169,158,191
G0400130104204,2010,Arizona,4,Maricopa County,13,104204,50,66,69
G0400130104205,2010,Arizona,4,Maricopa County,13,104205,109,137,149
G0400130104206,2010,Arizona,4,Maricopa County,13,104206,49,108,285
G0400130104207,2010,Arizona,4,Maricopa County,13,104207,156,113,127
G0400130104212,2010,Arizona,4,Maricopa County,13,104212,185,324,250
G0400130104214,2010,Arizona,4,Maricopa County,13,104214,41,28,39
G0400130104215,2010,Arizona,4,Maricopa County,13,104215,85,117,79
G0400130104216,2010,Arizona,4,Maricopa County,13,104216,174,394,240
G0400130104217,2010,Arizona,4,Maricopa County,13,104217,142,212,182
G0400130104218,2010,Arizona,4,Maricopa County,13,104218,56,234,174
G0400130104219,2010,Arizona,4,Maricopa County,13,104219,49,54,62
G0400130104221,2010,Arizona,4,Maricopa County,13,104221,156,174,239
G0400130104222,2010,Arizona,4,Maricopa County,13,104222,127,204,171
G0400130104223,2010,Arizona,4,Maricopa County,13,104223,54,39,72
G0400130104224,2010,Arizona,4,Maricopa County,13,104224,121,330,342
G0400130104225,2010,Arizona,4,Maricopa County,13,104225,44,93,53
G0400130104226,2010,Arizona,4,Maricopa County,13,104226,147,99,137
G0400130104227,2010,Arizona,4,Maricopa County,13,104227,36,31,31
G0400130104301,2010,Arizona,4,Maricopa County,13,104301,35,53,41
G0400130104302,2010,Arizona,4,Maricopa County,13,104302,53,92,137
G0400130104401,2010,Arizona,4,Maricopa County,13,104401,40,68,63
G0400130104402,2010,Arizona,4,Maricopa County,13,104402,9,366,764
G0400130104501,2010,Arizona,4,Maricopa County,13,104501,306,353,94
G0400130104502,2010,Arizona,4,Maricopa County,13,104502,352,262,108
G0400130104600,2010,Arizona,4,Maricopa County,13,104600,51.52,32,64
G0400130104701,2010,Arizona,4,Maricopa County,13,104701,27,25,59
G0400130104702,2010,Arizona,4,Maricopa County,13,104702,16,41,34
G0400130104801,2010,Arizona,4,Maricopa County,13,104801,43,62,70
G0400130104802,2010,Arizona,4,Maricopa County,13,104802,94,124,113
G0400130104900,2010,Arizona,4,Maricopa County,13,104900,76,59,84
G0400130105002,2010,Arizona,4,Maricopa County,13,105002,21,35.23,103
G0400130105003,2010,Arizona,4,Maricopa County,13,105003,60,112,187
G0400130105004,2010,Arizona,4,Maricopa County,13,105004,30,61,117
G0400130105101,2010,Arizona,4,Maricopa County,13,105101,58,74,90
G0400130105102,2010,Arizona,4,Maricopa County,13,105102,98,134,179
G0400130105103,2010,Arizona,4,Maricopa County,13,105103,63,64,137
G0400130105200,2010,Arizona,4,Maricopa County,13,105200,59,124,135
G0400130105300,2010,Arizona,4,Maricopa County,13,105300,57,64,72
G0400130105400,2010,Arizona,4,Maricopa County,13,105400,40,34,47
G0400130105501,2010,Arizona,4,Maricopa County,13,105501,32,117,45
G0400130105502,2010,Arizona,4,Maricopa County,13,105502,61,96,30
G0400130105503,2010,Arizona,4,Maricopa County,13,105503,69,85,82
G0400130105601,2010,Arizona,4,Maricopa County,13,105601,27,48,60
G0400130105602,2010,Arizona,4,Maricopa County,13,105602,90,114,338
G0400130105701,2010,Arizona,4,Maricopa County,13,105701,89,139,135
G0400130105702,2010,Arizona,4,Maricopa County,13,105702,56,133,103
G0400130105800,2010,Arizona,4,Maricopa County,13,105800,110,333,248
G0400130105900,2010,Arizona,4,Maricopa County,13,105900,92,181,191
G0400130106001,2010,Arizona,4,Maricopa County,13,106001,8,18,12
G0400130106002,2010,Arizona,4,Maricopa County,13,106002,9,11,21
G0400130106003,2010,Arizona,4,Maricopa County,13,106003,25,42,55
G0400130106100,2010,Arizona,4,Maricopa County,13,106100,64,47,84
G0400130106200,2010,Arizona,4,Maricopa County,13,106200,32,53,63
G0400130106300,2010,Arizona,4,Maricopa County,13,106300,60,74,134
G0400130106400,2010,Arizona,4,Maricopa County,13,106400,50,72,74
G0400130106501,2010,Arizona,4,Maricopa County,13,106501,17,48,63
G0400130106502,2010,Arizona,4,Maricopa County,13,106502,38,47,69
G0400130106600,2010,Arizona,4,Maricopa County,13,106600,71,64,69
G0400130106701,2010,Arizona,4,Maricopa County,13,106701,28,75,322
G0400130106702,2010,Arizona,4,Maricopa County,13,106702,11,9,29
G0400130106703,2010,Arizona,4,Maricopa County,13,106703,35,69,75
G0400130106801,2010,Arizona,4,Maricopa County,13,106801,85,41,64
G0400130106802,2010,Arizona,4,Maricopa County,13,106802,43,84,98
G0400130106900,2010,Arizona,4,Maricopa County,13,106900,137,426,376
G0400130107000,2010,Arizona,4,Maricopa County,13,107000,101,270,238
G0400130107101,2010,Arizona,4,Maricopa County,13,107101,70,192,175
G0400130107102,2010,Arizona,4,Maricopa County,13,107102,88,234,283
G0400130107201,2010,Arizona,4,Maricopa County,13,107201,37,133,396
G0400130107202,2010,Arizona,4,Maricopa County,13,107202,30,166,223
G0400130107300,2010,Arizona,4,Maricopa County,13,107300,79,249,212
G0400130107400,2010,Arizona,4,Maricopa County,13,107400,137,195,210
G0400130107500,2010,Arizona,4,Maricopa County,13,107500,22,34,56
G0400130107601,2010,Arizona,4,Maricopa County,13,107601,39,62,77
G0400130107602,2010,Arizona,4,Maricopa County,13,107602,44,39,67
G0400130107700,2010,Arizona,4,Maricopa County,13,107700,70,59,170
G0400130107800,2010,Arizona,4,Maricopa County,13,107800,27,53,57
G0400130107900,2010,Arizona,4,Maricopa County,13,107900,41,137.77,103
G0400130108000,2010,Arizona,4,Maricopa County,13,108000,46.9,33.95,46
G0400130108100,2010,Arizona,4,Maricopa County,13,108100,29,25,32
G0400130108200,2010,Arizona,4,Maricopa County,13,108200,45,52,83
G0400130108301,2010,Arizona,4,Maricopa County,13,108301,44,60,82
G0400130108302,2010,Arizona,4,Maricopa County,13,108302,43,40,40
G0400130108400,2010,Arizona,4,Maricopa County,13,108400,87,80,112
G0400130108501,2010,Arizona,4,Maricopa County,13,108501,20,34,89
G0400130108502,2010,Arizona,4,Maricopa County,13,108502,49,124,200
G0400130108601,2010,Arizona,4,Maricopa County,13,108601,25,15,23
G0400130108602,2010,Arizona,4,Maricopa County,13,108602,94,74,82
G0400130108802,2010,Arizona,4,Maricopa County,13,108802,48,61,45
G0400130108901,2010,Arizona,4,Maricopa County,13,108901,66,53,46
G0400130108902,2010,Arizona,4,Maricopa County,13,108902,49,98,69
G0400130109001,2010,Arizona,4,Maricopa County,13,109001,23,186,588
G0400130109002,2010,Arizona,4,Maricopa County,13,109002,59,107,340
G0400130109003,2010,Arizona,4,Maricopa County,13,109003,46,117,43
G0400130109101,2010,Arizona,4,Maricopa County,13,109101,54,214,139
G0400130109102,2010,Arizona,4,Maricopa County,13,109102,52,138,124
G0400130109200,2010,Arizona,4,Maricopa County,13,109200,133,137,73
G0400130109300,2010,Arizona,4,Maricopa County,13,109300,32,54,54
G0400130109400,2010,Arizona,4,Maricopa County,13,109400,71,105,62
G0400130109500,2010,Arizona,4,Maricopa County,13,109500,67,82,75
G0400130109601,2010,Arizona,4,Maricopa County,13,109601,80,78,20
G0400130109602,2010,Arizona,4,Maricopa County,13,109602,75,79,51
G0400130109603,2010,Arizona,4,Maricopa County,13,109603,136,91,32
G0400130109604,2010,Arizona,4,Maricopa County,13,109604,29,44,14
G0400130109701,2010,Arizona,4,Maricopa County,13,109701,166,120,58
G0400130109702,2010,Arizona,4,Maricopa County,13,109702,31,48,46
G0400130109703,2010,Arizona,4,Maricopa County,13,109703,44,39,40
G0400130109704,2010,Arizona,4,Maricopa County,13,109704,16,17,12
G0400130109705,2010,Arizona,4,Maricopa County,13,109705,40,42,15
G0400130109801,2010,Arizona,4,Maricopa County,13,109801,41,38,29
G0400130109802,2010,Arizona,4,Maricopa County,13,109802,57,68,44
G0400130109900,2010,Arizona,4,Maricopa County,13,109900,88,119,91
G0400130110001,2010,Arizona,4,Maricopa County,13,110001,74,44,21
G0400130110002,2010,Arizona,4,Maricopa County,13,110002,70,25,20
G0400130110100,2010,Arizona,4,Maricopa County,13,110100,160,159,115
G0400130110400,2010,Arizona,4,Maricopa County,13,110400,186,201,156
G0400130110501,2010,Arizona,4,Maricopa County,13,110501,22,64,185
G0400130110502,2010,Arizona,4,Maricopa County,13,110502,17,44,58
G0400130110600,2010,Arizona,4,Maricopa County,13,110600,51,74,98
G0400130110701,2010,Arizona,4,Maricopa County,13,110701,19,38,90
G0400130110702,2010,Arizona,4,Maricopa County,13,110702,30,62,63
G0400130110801,2010,Arizona,4,Maricopa County,13,110801,73,67,94
G0400130110802,2010,Arizona,4,Maricopa County,13,110802,19,51,32
G0400130110901,2010,Arizona,4,Maricopa County,13,110901,45,52,57
G0400130110902,2010,Arizona,4,Maricopa County,13,110902,48,44,52
G0400130111000,2010,Arizona,4,Maricopa County,13,111000,35,105,117
G0400130111100,2010,Arizona,4,Maricopa County,13,111100,91,92,91
G0400130111201,2010,Arizona,4,Maricopa County,13,111201,89,85,55
G0400130111202,2010,Arizona,4,Maricopa County,13,111202,11,14,34
G0400130111203,2010,Arizona,4,Maricopa County,13,111203,21,18,47
G0400130111204,2010,Arizona,4,Maricopa County,13,111204,31,81,50
G0400130111300,2010,Arizona,4,Maricopa County,13,111300,94,159,171
G0400130111401,2010,Arizona,4,Maricopa County,13,111401,48,35,34
G0400130111402,2010,Arizona,4,Maricopa County,13,111402,24,43,59
G0400130111501,2010,Arizona,4,Maricopa County,13,111501,9,13,4
G0400130111502,2010,Arizona,4,Maricopa County,13,111502,68,76,47
G0400130111601,2010,Arizona,4,Maricopa County,13,111601,68,59,55
G0400130111602,2010,Arizona,4,Maricopa County,13,111602,39,19,15
G0400130111700,2010,Arizona,4,Maricopa County,13,111700,52,73,81
G0400130111800,2010,Arizona,4,Maricopa County,13,111800,30,39,61
G0400130111900,2010,Arizona,4,Maricopa County,13,111900,34,30,50
G0400130112100,2010,Arizona,4,Maricopa County,13,112100,28,15,7
G0400130112201,2010,Arizona,4,Maricopa County,13,112201,16,11,9
G0400130112202,2010,Arizona,4,Maricopa County,13,112202,142,85,44
G0400130112301,2010,Arizona,4,Maricopa County,13,112301,91,47,23
G0400130112302,2010,Arizona,4,Maricopa County,13,112302,236,193,89
G0400130112401,2010,Arizona,4,Maricopa County,13,112401,76,112,53
G0400130112402,2010,Arizona,4,Maricopa County,13,112402,86,44,33
G0400130112502,2010,Arizona,4,Maricopa County,13,112502,54,54,35
G0400130112503,2010,Arizona,4,Maricopa County,13,112503,126,88,65
G0400130112504,2010,Arizona,4,Maricopa County,13,112504,32,32,17
G0400130112505,2010,Arizona,4,Maricopa County,13,112505,60,39,50
G0400130112507,2010,Arizona,4,Maricopa County,13,112507,25,14,19
G0400130112508,2010,Arizona,4,Maricopa County,13,112508,23,25,9
G0400130112509,2010,Arizona,4,Maricopa County,13,112509,5,20,128
G0400130112510,2010,Arizona,4,Maricopa County,13,112510,0,3,79
G0400130112511,2010,Arizona,4,Maricopa County,13,112511,17,7,231
G0400130112512,2010,Arizona,4,Maricopa County,13,112512,17,20,16
G0400130112513,2010,Arizona,4,Maricopa County,13,112513,7,2,177
G0400130112514,2010,Arizona,4,Maricopa County,13,112514,1,2,211
G0400130112601,2010,Arizona,4,Maricopa County,13,112601,39,14,36
G0400130112602,2010,Arizona,4,Maricopa County,13,112602,27,9,19
G0400130112700,2010,Arizona,4,Maricopa County,13,112700,17,28,20
G0400130112900,2010,Arizona,4,Maricopa County,13,112900,35,30,69
G0400130113000,2010,Arizona,4,Maricopa County,13,113000,28,13,31
G0400130113100,2010,Arizona,4,Maricopa County,13,113100,9,58,89
G0400130113201,2010,Arizona,4,Maricopa County,13,113201,8,5,6
G0400130113202,2010,Arizona,4,Maricopa County,13,113202,13,4,5
G0400130113203,2010,Arizona,4,Maricopa County,13,113203,13,4,12
G0400130113300,2010,Arizona,4,Maricopa County,13,113300,38,52,27
G0400130113400,2010,Arizona,4,Maricopa County,13,113400,3.93,4.45,4
G0400130113501,2010,Arizona,4,Maricopa County,13,113501,11,16,57
G0400130113502,2010,Arizona,4,Maricopa County,13,113502,12.07,7.55,11
G0400130113601,2010,Arizona,4,Maricopa County,13,113601,1,7.97,66
G0400130113602,2010,Arizona,4,Maricopa County,13,113602,25,28.03,21
G0400130113700,2010,Arizona,4,Maricopa County,13,113700,54,121,163
G0400130113801,2010,Arizona,4,Maricopa County,13,113801,30,32,99
G0400130113802,2010,Arizona,4,Maricopa County,13,113802,8,0,0
G0400130113900,2010,Arizona,4,Maricopa County,13,113900,7,8,6
G0400130114000,2010,Arizona,4,Maricopa County,13,114000,18,20,106
G0400130114100,2010,Arizona,4,Maricopa County,13,114100,20,10,27
G0400130114200,2010,Arizona,4,Maricopa County,13,114200,24,7,31
G0400130114301,2010,Arizona,4,Maricopa County,13,114301,8,6,29
G0400130114302,2010,Arizona,4,Maricopa County,13,114302,17,24,27
G0400130114401,2010,Arizona,4,Maricopa County,13,114401,15,13,10
G0400130114402,2010,Arizona,4,Maricopa County,13,114402,38,23,11
G0400130114500,2010,Arizona,4,Maricopa County,13,114500,49,26,28
G0400130114600,2010,Arizona,4,Maricopa County,13,114600,15,10,3
G0400130114703,2010,Arizona,4,Maricopa County,13,114703,2,23,42
G0400130114800,2010,Arizona,4,Maricopa County,13,114800,7,13,29
G0400130114900,2010,Arizona,4,Maricopa County,13,114900,35,77,124
G0400130115200,2010,Arizona,4,Maricopa County,13,115200,22,5,10
G0400130115300,2010,Arizona,4,Maricopa County,13,115300,12,17,21
G0400130115400,2010,Arizona,4,Maricopa County,13,115400,16,4,10
G0400130115500,2010,Arizona,4,Maricopa County,13,115500,42,25,15
G0400130115600,2010,Arizona,4,Maricopa County,13,115600,18,13,75
G0400130115700,2010,Arizona,4,Maricopa County,13,115700,25,21,49
G0400130115801,2010,Arizona,4,Maricopa County,13,115801,22,9,7
G0400130115802,2010,Arizona,4,Maricopa County,13,115802,13,11,14
G0400130115900,2010,Arizona,4,Maricopa County,13,115900,3,3,89
G0400130116000,2010,Arizona,4,Maricopa County,13,116000,6,4,187
G0400130116100,2010,Arizona,4,Maricopa County,13,116100,3,8,33
G0400130116202,2010,Arizona,4,Maricopa County,13,116202,111,115,114
G0400130116203,2010,Arizona,4,Maricopa County,13,116203,10,26,199
G0400130116204,2010,Arizona,4,Maricopa County,13,116204,88,90,76
G0400130116205,2010,Arizona,4,Maricopa County,13,116205,71,74,156
G0400130116300,2010,Arizona,4,Maricopa County,13,116300,36,52,64
G0400130116400,2010,Arizona,4,Maricopa County,13,116400,13,28,38
G0400130116500,2010,Arizona,4,Maricopa County,13,116500,31,20,45
G0400130116602,2010,Arizona,4,Maricopa County,13,116602,18,22,134
G0400130116603,2010,Arizona,4,Maricopa County,13,116603,0,13,430
G0400130116604,2010,Arizona,4,Maricopa County,13,116604,0,0,307
G0400130116605,2010,Arizona,4,Maricopa County,13,116605,0,0,496
G0400130116606,2010,Arizona,4,Maricopa County,13,116606,13,10,281
G0400130116607,2010,Arizona,4,Maricopa County,13,116607,0,0,168
G0400130116608,2010,Arizona,4,Maricopa County,13,116608,0,0,224
G0400130116609,2010,Arizona,4,Maricopa County,13,116609,0,1,228
G0400130116610,2010,Arizona,4,Maricopa County,13,116610,0,2.01,422
G0400130116611,2010,Arizona,4,Maricopa County,13,116611,9,8.99,244
G0400130116612,2010,Arizona,4,Maricopa County,13,116612,5,9,342
G0400130116613,2010,Arizona,4,Maricopa County,13,116613,4,3,307
G0400130116702,2010,Arizona,4,Maricopa County,13,116702,16,24,100
G0400130116703,2010,Arizona,4,Maricopa County,13,116703,10,21,77
G0400130116704,2010,Arizona,4,Maricopa County,13,116704,78.84,102.4,309
G0400130116707,2010,Arizona,4,Maricopa County,13,116707,62,55,70
G0400130116708,2010,Arizona,4,Maricopa County,13,116708,41,120,141
G0400130116709,2010,Arizona,4,Maricopa County,13,116709,19.96,82.68,85
G0400130116710,2010,Arizona,4,Maricopa County,13,116710,127.7,178,163
G0400130116711,2010,Arizona,4,Maricopa County,13,116711,5.3,82,114
G0400130116712,2010,Arizona,4,Maricopa County,13,116712,96,271,531
G0400130116713,2010,Arizona,4,Maricopa County,13,116713,96,357,423
G0400130116714,2010,Arizona,4,Maricopa County,13,116714,28.93,217,250
G0400130116715,2010,Arizona,4,Maricopa County,13,116715,43,53,57
G0400130116717,2010,Arizona,4,Maricopa County,13,116717,40,155,236
G0400130116718,2010,Arizona,4,Maricopa County,13,116718,18,92,151
G0400130116719,2010,Arizona,4,Maricopa County,13,116719,3,427,567
G0400130116720,2010,Arizona,4,Maricopa County,13,116720,42,153,172
G0400130116721,2010,Arizona,4,Maricopa County,13,116721,72,177,140
G0400130116725,2010,Arizona,4,Maricopa County,13,116725,1.54,182,290
G0400130116727,2010,Arizona,4,Maricopa County,13,116727,1.18,266,356
G0400130116728,2010,Arizona,4,Maricopa County,13,116728,2.65,194,299
G0400130116729,2010,Arizona,4,Maricopa County,13,116729,13.77,232,242
G0400130116730,2010,Arizona,4,Maricopa County,13,116730,0.04,3.5,260
G0400130116731,2010,Arizona,4,Maricopa County,13,116731,0.89,141.5,192
G0400130116732,2010,Arizona,4,Maricopa County,13,116732,33,15,94
G0400130116733,2010,Arizona,4,Maricopa County,13,116733,0,11,18
G0400130116800,2010,Arizona,4,Maricopa County,13,116800,68,15,17
G0400130116900,2010,Arizona,4,Maricopa County,13,116900,30,34,18
G0400130117000,2010,Arizona,4,Maricopa County,13,117000,219,294,660
G0400130117100,2010,Arizona,4,Maricopa County,13,117100,12,32,117
G0400130117200,2010,Arizona,4,Maricopa County,13,117200,1,2,4
G0400130117300,2010,Arizona,4,Maricopa County,13,117300,25,0,2
G0400130216806,2010,Arizona,4,Maricopa County,13,216806,48,73,62
G0400130216807,2010,Arizona,4,Maricopa County,13,216807,138,144,126
G0400130216809,2010,Arizona,4,Maricopa County,13,216809,4,75.94,204
G0400130216810,2010,Arizona,4,Maricopa County,13,216810,5,30,57
G0400130216813,2010,Arizona,4,Maricopa County,13,216813,59,89,93
G0400130216816,2010,Arizona,4,Maricopa County,13,216816,44,117.03,177
G0400130216818,2010,Arizona,4,Maricopa County,13,216818,9,49,97
G0400130216819,2010,Arizona,4,Maricopa County,13,216819,8,50,102
G0400130216820,2010,Arizona,4,Maricopa County,13,216820,20,22,88
G0400130216821,2010,Arizona,4,Maricopa County,13,216821,14,59.02,124
G0400130216822,2010,Arizona,4,Maricopa County,13,216822,4,46,80
G0400130216826,2010,Arizona,4,Maricopa County,13,216826,26,120,130
G0400130216829,2010,Arizona,4,Maricopa County,13,216829,1.07,29,92
G0400130216830,2010,Arizona,4,Maricopa County,13,216830,29,162,115
G0400130216831,2010,Arizona,4,Maricopa County,13,216831,12,49,83
G0400130216832,2010,Arizona,4,Maricopa County,13,216832,21,46,49
G0400130216833,2010,Arizona,4,Maricopa County,13,216833,71.9,96.81,183
G0400130216834,2010,Arizona,4,Maricopa County,13,216834,19,23,36
G0400130216835,2010,Arizona,4,Maricopa County,13,216835,18,50,116
G0400130216836,2010,Arizona,4,Maricopa County,13,216836,34,57,84
G0400130216837,2010,Arizona,4,Maricopa County,13,216837,50.84,108.4,215
G0400130216838,2010,Arizona,4,Maricopa County,13,216838,29.61,150.97,290
G0400130216839,2010,Arizona,4,Maricopa County,13,216839,60.19,134.2,188
G0400130216840,2010,Arizona,4,Maricopa County,13,216840,7,67,157
G0400130216841,2010,Arizona,4,Maricopa County,13,216841,4,78,150
G0400130216842,2010,Arizona,4,Maricopa County,13,216842,0,74,157
G0400130216843,2010,Arizona,4,Maricopa County,13,216843,4.67,26,55
G0400130216844,2010,Arizona,4,Maricopa County,13,216844,0,7,79
G0400130216845,2010,Arizona,4,Maricopa County,13,216845,0,47,108
G0400130216846,2010,Arizona,4,Maricopa County,13,216846,5.66,156.99,391
G0400130216847,2010,Arizona,4,Maricopa County,13,216847,2.16,42.4,303
G0400130216848,2010,Arizona,4,Maricopa County,13,216848,4.87,109.7,314
G0400130216849,2010,Arizona,4,Maricopa County,13,216849,4.66,159.7,356
G0400130216850,2010,Arizona,4,Maricopa County,13,216850,8.25,113,350
G0400130216851,2010,Arizona,4,Maricopa County,13,216851,1.1,53.59,101
G0400130216852,2010,Arizona,4,Maricopa County,13,216852,6.84,91,131
G0400130216853,2010,Arizona,4,Maricopa County,13,216853,14.07,124,371
G0400130216901,2010,Arizona,4,Maricopa County,13,216901,24,31,55
G0400130216902,2010,Arizona,4,Maricopa County,13,216902,43,43,103
G0400130217001,2010,Arizona,4,Maricopa County,13,217001,26,45,73
G0400130217002,2010,Arizona,4,Maricopa County,13,217002,67,77,92
G0400130217101,2010,Arizona,4,Maricopa County,13,217101,25,42,48
G0400130217102,2010,Arizona,4,Maricopa County,13,217102,27,40,39
G0400130217201,2010,Arizona,4,Maricopa County,13,217201,4,13,57
G0400130217203,2010,Arizona,4,Maricopa County,13,217203,8,10,42
G0400130217204,2010,Arizona,4,Maricopa County,13,217204,27,79,78
G0400130217300,2010,Arizona,4,Maricopa County,13,217300,15,24,61
G0400130217400,2010,Arizona,4,Maricopa County,13,217400,34.1,33.05,60
G0400130217501,2010,Arizona,4,Maricopa County,13,217501,41,55,49
G0400130217502,2010,Arizona,4,Maricopa County,13,217502,12,63,70
G0400130217600,2010,Arizona,4,Maricopa County,13,217600,48,101,86
G0400130217700,2010,Arizona,4,Maricopa County,13,217700,61,76,114
G0400130217800,2010,Arizona,4,Maricopa County,13,217800,66,78,127
G0400130217900,2010,Arizona,4,Maricopa County,13,217900,60,77,76
G0400130218000,2010,Arizona,4,Maricopa County,13,218000,53,70,85
G0400130218100,2010,Arizona,4,Maricopa County,13,218100,30,56,52
G0400130218200,2010,Arizona,4,Maricopa County,13,218200,80,57,97
G0400130218300,2010,Arizona,4,Maricopa County,13,218300,40.92,92.75,142
G0400130318400,2010,Arizona,4,Maricopa County,13,318400,103,114,162
G0400130318501,2010,Arizona,4,Maricopa County,13,318501,98,90,123
G0400130318700,2010,Arizona,4,Maricopa County,13,318700,100,68,130
G0400130318800,2010,Arizona,4,Maricopa County,13,318800,232,273,298
G0400130318900,2010,Arizona,4,Maricopa County,13,318900,168,168,169
G0400130319000,2010,Arizona,4,Maricopa County,13,319000,194,121,425
G0400130319101,2010,Arizona,4,Maricopa County,13,319101,744,997,574
G0400130319103,2010,Arizona,4,Maricopa County,13,319103,759,690,959
G0400130319104,2010,Arizona,4,Maricopa County,13,319104,265,377,636
G0400130319201,2010,Arizona,4,Maricopa County,13,319201,153,256,265
G0400130319202,2010,Arizona,4,Maricopa County,13,319202,67,93,101
G0400130319300,2010,Arizona,4,Maricopa County,13,319300,43,51,117
G0400130319401,2010,Arizona,4,Maricopa County,13,319401,84,125,219
G0400130319402,2010,Arizona,4,Maricopa County,13,319402,130,155,177
G0400130319403,2010,Arizona,4,Maricopa County,13,319403,169,162,128
G0400130319404,2010,Arizona,4,Maricopa County,13,319404,76,73,76
G0400130319500,2010,Arizona,4,Maricopa County,13,319500,163,170,239
G0400130319600,2010,Arizona,4,Maricopa County,13,319600,177,155,175
G0400130319703,2010,Arizona,4,Maricopa County,13,319703,46,93,176
G0400130319704,2010,Arizona,4,Maricopa County,13,319704,44,41,55
G0400130319705,2010,Arizona,4,Maricopa County,13,319705,89,140,89
G0400130319706,2010,Arizona,4,Maricopa County,13,319706,60,241,274
G0400130319800,2010,Arizona,4,Maricopa County,13,319800,131,275,239
G0400130319902,2010,Arizona,4,Maricopa County,13,319902,62,44,50
G0400130319903,2010,Arizona,4,Maricopa County,13,319903,115,223,223
G0400130319904,2010,Arizona,4,Maricopa County,13,319904,168,137,146
G0400130319905,2010,Arizona,4,Maricopa County,13,319905,286,216,178
G0400130319906,2010,Arizona,4,Maricopa County,13,319906,32.37,220.27,238
G0400130319907,2010,Arizona,4,Maricopa County,13,319907,60,67,89
G0400130319908,2010,Arizona,4,Maricopa County,13,319908,60,74,98
G0400130319909,2010,Arizona,4,Maricopa County,13,319909,115.22,105.02,113
G0400130319910,2010,Arizona,4,Maricopa County,13,319910,59,338,394
G0400130320001,2010,Arizona,4,Maricopa County,13,320001,150,277,739
G0400130320002,2010,Arizona,4,Maricopa County,13,320002,4.21,7.92,0
G0400130320007,2010,Arizona,4,Maricopa County,13,320007,144,280,306
G0400130320100,2010,Arizona,4,Maricopa County,13,320100,50,57,124
G0400130420104,2010,Arizona,4,Maricopa County,13,420104,5,31,53
G0400130420105,2010,Arizona,4,Maricopa County,13,420105,15,29,87
G0400130420107,2010,Arizona,4,Maricopa County,13,420107,0,58,229
G0400130420108,2010,Arizona,4,Maricopa County,13,420108,0,2,21
G0400130420109,2010,Arizona,4,Maricopa County,13,420109,3,8,75
G0400130420110,2010,Arizona,4,Maricopa County,13,420110,0,12,55
G0400130420111,2010,Arizona,4,Maricopa County,13,420111,20,36,48
G0400130420112,2010,Arizona,4,Maricopa County,13,420112,2,18,56
G0400130420113,2010,Arizona,4,Maricopa County,13,420113,6,7,38
G0400130420114,2010,Arizona,4,Maricopa County,13,420114,5,7,55
G0400130420115,2010,Arizona,4,Maricopa County,13,420115,3,5,47
G0400130420116,2010,Arizona,4,Maricopa County,13,420116,13,8,35
G0400130420202,2010,Arizona,4,Maricopa County,13,420202,34,47,60
G0400130420206,2010,Arizona,4,Maricopa County,13,420206,4,14,29
G0400130420207,2010,Arizona,4,Maricopa County,13,420207,4,36,41
G0400130420208,2010,Arizona,4,Maricopa County,13,420208,30,71,74
G0400130420209,2010,Arizona,4,Maricopa County,13,420209,84,84,51
G0400130420210,2010,Arizona,4,Maricopa County,13,420210,59,69,53
G0400130420211,2010,Arizona,4,Maricopa County,13,420211,10,52,102
G0400130420212,2010,Arizona,4,Maricopa County,13,420212,2,11,33
G0400130420213,2010,Arizona,4,Maricopa County,13,420213,0,0,4
G0400130420214,2010,Arizona,4,Maricopa County,13,420214,11,15,66
G0400130420215,2010,Arizona,4,Maricopa County,13,420215,17,12,11
G0400130420216,2010,Arizona,4,Maricopa County,13,420216,8,47,58
G0400130420301,2010,Arizona,4,Maricopa County,13,420301,27,29,96
G0400130420302,2010,Arizona,4,Maricopa County,13,420302,24,118,106
G0400130420303,2010,Arizona,4,Maricopa County,13,420303,46,78,115
G0400130420304,2010,Arizona,4,Maricopa County,13,420304,4,8,38
G0400130420401,2010,Arizona,4,Maricopa County,13,420401,16,28,29
G0400130420402,2010,Arizona,4,Maricopa County,13,420402,7,9,17
G0400130420501,2010,Arizona,4,Maricopa County,13,420501,54,57,112
G0400130420503,2010,Arizona,4,Maricopa County,13,420503,30,60,61
G0400130420504,2010,Arizona,4,Maricopa County,13,420504,40,63,39
G0400130420602,2010,Arizona,4,Maricopa County,13,420602,34,49,44
G0400130420603,2010,Arizona,4,Maricopa County,13,420603,37,54,47
G0400130420604,2010,Arizona,4,Maricopa County,13,420604,30,45,42
G0400130420704,2010,Arizona,4,Maricopa County,13,420704,36,66,65
G0400130420705,2010,Arizona,4,Maricopa County,13,420705,37,68,175
G0400130420706,2010,Arizona,4,Maricopa County,13,420706,48,53,89
G0400130420707,2010,Arizona,4,Maricopa County,13,420707,2,14,14
G0400130420708,2010,Arizona,4,Maricopa County,13,420708,25,21,33
G0400130420709,2010,Arizona,4,Maricopa County,13,420709,5,14,25
G0400130420710,2010,Arizona,4,Maricopa County,13,420710,3,53,43
G0400130420800,2010,Arizona,4,Maricopa County,13,420800,33,45,25
G0400130420901,2010,Arizona,4,Maricopa County,13,420901,28,30,35
G0400130420902,2010,Arizona,4,Maricopa County,13,420902,29,39,17
G0400130421001,2010,Arizona,4,Maricopa County,13,421001,34,25,22
G0400130421002,2010,Arizona,4,Maricopa County,13,421002,9,26,39
G0400130421101,2010,Arizona,4,Maricopa County,13,421101,38,31,60
G0400130421102,2010,Arizona,4,Maricopa County,13,421102,57,42,40
G0400130421201,2010,Arizona,4,Maricopa County,13,421201,56,81,212
G0400130421202,2010,Arizona,4,Maricopa County,13,421202,36,63,60
G0400130421302,2010,Arizona,4,Maricopa County,13,421302,58,76,39
G0400130421303,2010,Arizona,4,Maricopa County,13,421303,82,143,106
G0400130421304,2010,Arizona,4,Maricopa County,13,421304,42,113,122
G0400130421400,2010,Arizona,4,Maricopa County,13,421400,31,28,12
G0400130421501,2010,Arizona,4,Maricopa County,13,421501,16,17,15
G0400130421502,2010,Arizona,4,Maricopa County,13,421502,9,26,23
G0400130421601,2010,Arizona,4,Maricopa County,13,421601,21,20,15
G0400130421602,2010,Arizona,4,Maricopa County,13,421602,16,42,20
G0400130421701,2010,Arizona,4,Maricopa County,13,421701,41,54,65
G0400130421702,2010,Arizona,4,Maricopa County,13,421702,14,24,15
G0400130421801,2010,Arizona,4,Maricopa County,13,421801,31,49,18
G0400130421802,2010,Arizona,4,Maricopa County,13,421802,19,33,46
G0400130421901,2010,Arizona,4,Maricopa County,13,421901,65,38,31
G0400130421902,2010,Arizona,4,Maricopa County,13,421902,26,31,37
G0400130422001,2010,Arizona,4,Maricopa County,13,422001,24,19,5
G0400130422002,2010,Arizona,4,Maricopa County,13,422002,34,39,12
G0400130422102,2010,Arizona,4,Maricopa County,13,422102,32,103,99
G0400130422103,2010,Arizona,4,Maricopa County,13,422103,109,197,198
G0400130422104,2010,Arizona,4,Maricopa County,13,422104,131,274,227
G0400130422105,2010,Arizona,4,Maricopa County,13,422105,47,59,88
G0400130422106,2010,Arizona,4,Maricopa County,13,422106,79,87,49
G0400130422107,2010,Arizona,4,Maricopa County,13,422107,86,115,98
G0400130422203,2010,Arizona,4,Maricopa County,13,422203,51,90,95
G0400130422204,2010,Arizona,4,Maricopa County,13,422204,78,73,74
G0400130422205,2010,Arizona,4,Maricopa County,13,422205,38,38,29
G0400130422209,2010,Arizona,4,Maricopa County,13,422209,149,185,311
G0400130422210,2010,Arizona,4,Maricopa County,13,422210,163,131,151
G0400130422211,2010,Arizona,4,Maricopa County,13,422211,90.78,89.98,103
G0400130422212,2010,Arizona,4,Maricopa County,13,422212,209,147,168
G0400130422213,2010,Arizona,4,Maricopa County,13,422213,54.99,74.99,60
G0400130422215,2010,Arizona,4,Maricopa County,13,422215,75,70,72
G0400130422216,2010,Arizona,4,Maricopa County,13,422216,179,280,230
G0400130422217,2010,Arizona,4,Maricopa County,13,422217,169,109,76
G0400130422218,2010,Arizona,4,Maricopa County,13,422218,112.64,67.74,114
G0400130422219,2010,Arizona,4,Maricopa County,13,422219,61,74,88
G0400130422220,2010,Arizona,4,Maricopa County,13,422220,88,75,79
G0400130422221,2010,Arizona,4,Maricopa County,13,422221,121,177,148
G0400130422222,2010,Arizona,4,Maricopa County,13,422222,112,83,78
G0400130422301,2010,Arizona,4,Maricopa County,13,422301,22,42,67
G0400130422302,2010,Arizona,4,Maricopa County,13,422302,107,79,89
G0400130422304,2010,Arizona,4,Maricopa County,13,422304,5,57,156
G0400130422305,2010,Arizona,4,Maricopa County,13,422305,102,284,452
G0400130422307,2010,Arizona,4,Maricopa County,13,422307,24,226,260
G0400130422308,2010,Arizona,4,Maricopa County,13,422308,14,360,382
G0400130422309,2010,Arizona,4,Maricopa County,13,422309,0,395,569
G0400130422401,2010,Arizona,4,Maricopa County,13,422401,19,98,127
G0400130422402,2010,Arizona,4,Maricopa County,13,422402,44,79,87
G0400130422403,2010,Arizona,4,Maricopa County,13,422403,24,230,208
G0400130422404,2010,Arizona,4,Maricopa County,13,422404,15,129,120
G0400130422501,2010,Arizona,4,Maricopa County,13,422501,36,58,56
G0400130422502,2010,Arizona,4,Maricopa County,13,422502,82,68,114
G0400130422503,2010,Arizona,4,Maricopa County,13,422503,97,104,107
G0400130422504,2010,Arizona,4,Maricopa County,13,422504,26,133,143
G0400130422506,2010,Arizona,4,Maricopa County,13,422506,45,95,121
G0400130422507,2010,Arizona,4,Maricopa County,13,422507,50,130,154
G0400130422508,2010,Arizona,4,Maricopa County,13,422508,48,73,47
G0400130422509,2010,Arizona,4,Maricopa County,13,422509,44,144,207
G0400130422510,2010,Arizona,4,Maricopa County,13,422510,1,97,151
G0400130422511,2010,Arizona,4,Maricopa County,13,422511,0,95,130
G0400130422512,2010,Arizona,4,Maricopa County,13,422512,0,188,178
G0400130422513,2010,Arizona,4,Maricopa County,13,422513,47,30,52
G0400130422514,2010,Arizona,4,Maricopa County,13,422514,27,69,91
G0400130422606,2010,Arizona,4,Maricopa County,13,422606,3,101,555
G0400130422607,2010,Arizona,4,Maricopa County,13,422607,1,14,21
G0400130422609,2010,Arizona,4,Maricopa County,13,422609,17,33,51
G0400130422610,2010,Arizona,4,Maricopa County,13,422610,1,4,15
G0400130422615,2010,Arizona,4,Maricopa County,13,422615,0,50,234
G0400130422616,2010,Arizona,4,Maricopa County,13,422616,3,30,92
G0400130422617,2010,Arizona,4,Maricopa County,13,422617,0,125,155
G0400130422618,2010,Arizona,4,Maricopa County,13,422618,0,8,10
G0400130422620,2010,Arizona,4,Maricopa County,13,422620,2,64,112
G0400130422621,2010,Arizona,4,Maricopa County,13,422621,0,36,313
G0400130422622,2010,Arizona,4,Maricopa County,13,422622,4,74,128
G0400130422623,2010,Arizona,4,Maricopa County,13,422623,0,34,370
G0400130422624,2010,Arizona,4,Maricopa County,13,422624,0,7,10
G0400130422625,2010,Arizona,4,Maricopa County,13,422625,11,16,25
G0400130422626,2010,Arizona,4,Maricopa County,13,422626,8,11,10
G0400130422627,2010,Arizona,4,Maricopa County,13,422627,10,11,27
G0400130422628,2010,Arizona,4,Maricopa County,13,422628,2,9,39
G0400130422629,2010,Arizona,4,Maricopa County,13,422629,1,34,51
G0400130422630,2010,Arizona,4,Maricopa County,13,422630,17,16,29
G0400130422631,2010,Arizona,4,Maricopa County,13,422631,0,49,122
G0400130422632,2010,Arizona,4,Maricopa County,13,422632,2,19,46
G0400130422633,2010,Arizona,4,Maricopa County,13,422633,0,38,112
G0400130422634,2010,Arizona,4,Maricopa County,13,422634,16,7,37
G0400130422635,2010,Arizona,4,Maricopa County,13,422635,0,1,26
G0400130422636,2010,Arizona,4,Maricopa County,13,422636,2,44,87
G0400130422637,2010,Arizona,4,Maricopa County,13,422637,13,99,83
G0400130422638,2010,Arizona,4,Maricopa County,13,422638,4,19,174
G0400130422639,2010,Arizona,4,Maricopa County,13,422639,1,18,62
G0400130422640,2010,Arizona,4,Maricopa County,13,422640,0,8,106
G0400130422641,2010,Arizona,4,Maricopa County,13,422641,0,71,185
G0400130422642,2010,Arizona,4,Maricopa County,13,422642,0,29,181
G0400130422643,2010,Arizona,4,Maricopa County,13,422643,0,45,157
G0400130422644,2010,Arizona,4,Maricopa County,13,422644,0,3,245
G0400130422646,2010,Arizona,4,Maricopa County,13,422646,0,0,358
G0400130522800,2010,Arizona,4,Maricopa County,13,522800,108,18,60
G0400130522901,2010,Arizona,4,Maricopa County,13,522901,29,109,207
G0400130522903,2010,Arizona,4,Maricopa County,13,522903,13.58,70,55
G0400130522904,2010,Arizona,4,Maricopa County,13,522904,21.42,99,167
G0400130523002,2010,Arizona,4,Maricopa County,13,523002,51,65,106
G0400130523003,2010,Arizona,4,Maricopa County,13,523003,51,159,215
G0400130523005,2010,Arizona,4,Maricopa County,13,523005,112,213,317
G0400130523006,2010,Arizona,4,Maricopa County,13,523006,166,248,319
G0400130523102,2010,Arizona,4,Maricopa County,13,523102,26,100,187
G0400130523103,2010,Arizona,4,Maricopa County,13,523103,49,381,545
G0400130523104,2010,Arizona,4,Maricopa County,13,523104,33,144,349
G0400130610000,2010,Arizona,4,Maricopa County,13,610000,19,37,217
G0400130610100,2010,Arizona,4,Maricopa County,13,610100,2,0.76,25
G0400130610200,2010,Arizona,4,Maricopa County,13,610200,0,9.93,165
G0400130610300,2010,Arizona,4,Maricopa County,13,610300,0,8.99,277
G0400130610400,2010,Arizona,4,Maricopa County,13,610400,0,1.52,124
G0400130610500,2010,Arizona,4,Maricopa County,13,610500,4,8.78,80
G0400130610600,2010,Arizona,4,Maricopa County,13,610600,0,0.02,150
G0400130610700,2010,Arizona,4,Maricopa County,13,610700,7,16,60
G0400130610800,2010,Arizona,4,Maricopa County,13,610800,0,0,277
G0400130610900,2010,Arizona,4,Maricopa County,13,610900,3,20,175
G0400130611000,2010,Arizona,4,Maricopa County,13,611000,0,0,223
G0400130611100,2010,Arizona,4,Maricopa County,13,611100,0,0,266
G0400130611200,2010,Arizona,4,Maricopa County,13,611200,0,55,344
G0400130611300,2010,Arizona,4,Maricopa County,13,611300,0,0,205
G0400130611400,2010,Arizona,4,Maricopa County,13,611400,0.01,50.21,406
G0400130611500,2010,Arizona,4,Maricopa County,13,611500,0.34,17.51,703
G0400130611600,2010,Arizona,4,Maricopa County,13,611600,0.51,24.37,219
G0400130611700,2010,Arizona,4,Maricopa County,13,611700,16.14,87,222
G0400130611800,2010,Arizona,4,Maricopa County,13,611800,19.86,107,99
G0400130611900,2010,Arizona,4,Maricopa County,13,611900,4.15,6.91,184
G0400130612000,2010,Arizona,4,Maricopa County,13,612000,0,1,192
G0400130612200,2010,Arizona,4,Maricopa County,13,612200,0,0,265
G0400130612300,2010,Arizona,4,Maricopa County,13,612300,0,3,679
G0400130612400,2010,Arizona,4,Maricopa County,13,612400,0,27,350
G0400130612500,2010,Arizona,4,Maricopa County,13,612500,2,15,89
G0400130612600,2010,Arizona,4,Maricopa County,13,612600,1,34,74
G0400130612700,2010,Arizona,4,Maricopa County,13,612700,0,38,28
G0400130612800,2010,Arizona,4,Maricopa County,13,612800,0,30,45
G0400130612900,2010,Arizona,4,Maricopa County,13,612900,1,39,37
G0400130613000,2010,Arizona,4,Maricopa County,13,613000,3,9,44
G0400130613100,2010,Arizona,4,Maricopa County,13,613100,0,22,34
G0400130613200,2010,Arizona,4,Maricopa County,13,613200,3,27,50
G0400130613300,2010,Arizona,4,Maricopa County,13,613300,7,96,188
G0400130613400,2010,Arizona,4,Maricopa County,13,613400,0,35,51
G0400130613500,2010,Arizona,4,Maricopa County,13,613500,0,5,152
G0400130613600,2010,Arizona,4,Maricopa County,13,613600,3,25,160
G0400130613700,2010,Arizona,4,Maricopa County,13,613700,0,10,188
G0400130613800,2010,Arizona,4,Maricopa County,13,613800,2,58,80
G0400130613900,2010,Arizona,4,Maricopa County,13,613900,0,92,315
G0400130614000,2010,Arizona,4,Maricopa County,13,614000,0,117,153
G0400130614100,2010,Arizona,4,Maricopa County,13,614100,3,365,439
G0400130614200,2010,Arizona,4,Maricopa County,13,614200,0,183,262
G0400130614300,2010,Arizona,4,Maricopa County,13,614300,0,169,232
G0400130614400,2010,Arizona,4,Maricopa County,13,614400,8,45,65
G0400130614500,2010,Arizona,4,Maricopa County,13,614500,19,39,175
G0400130614600,2010,Arizona,4,Maricopa County,13,614600,35,157,352
G0400130614700,2010,Arizona,4,Maricopa County,13,614700,19.22,22.12,113
G0400130614800,2010,Arizona,4,Maricopa County,13,614800,47,35,199
G0400130614900,2010,Arizona,4,Maricopa County,13,614900,2.99,110,140
G0400130615000,2010,Arizona,4,Maricopa County,13,615000,0,1,542
G0400130615100,2010,Arizona,4,Maricopa County,13,615100,0,100,165
G0400130615200,2010,Arizona,4,Maricopa County,13,615200,2,69,293
G0400130615300,2010,Arizona,4,Maricopa County,13,615300,3,0,17
G0400130615400,2010,Arizona,4,Maricopa County,13,615400,6,8,10
G0400130615500,2010,Arizona,4,Maricopa County,13,615500,7,9,13
G0400130615600,2010,Arizona,4,Maricopa County,13,615600,0,16,63
G0400130615700,2010,Arizona,4,Maricopa County,13,615700,19,79,102
G0400130615800,2010,Arizona,4,Maricopa County,13,615800,77,190,202
G0400130615900,2010,Arizona,4,Maricopa County,13,615900,0,179,329
G0400130616000,2010,Arizona,4,Maricopa County,13,616000,0,120,253
G0400130616100,2010,Arizona,4,Maricopa County,13,616100,62.33,76,95
G0400130616200,2010,Arizona,4,Maricopa County,13,616200,39.67,81,88
G0400130616300,2010,Arizona,4,Maricopa County,13,616300,8,42,80
G0400130616400,2010,Arizona,4,Maricopa County,13,616400,90,97,1113
G0400130616500,2010,Arizona,4,Maricopa County,13,616500,66.78,36.88,139
G0400130616600,2010,Arizona,4,Maricopa County,13,616600,60,66,100
G0400130616700,2010,Arizona,4,Maricopa County,13,616700,74,82,95
G0400130616800,2010,Arizona,4,Maricopa County,13,616800,53,115,82
G0400130616900,2010,Arizona,4,Maricopa County,13,616900,14.01,91,168
G0400130617000,2010,Arizona,4,Maricopa County,13,617000,1,42,151
G0400130617100,2010,Arizona,4,Maricopa County,13,617100,0.99,55.04,63
G0400130617200,2010,Arizona,4,Maricopa County,13,617200,1.69,71,127
G0400130617300,2010,Arizona,4,Maricopa County,13,617300,3.25,66.96,182
G0400130617400,2010,Arizona,4,Maricopa County,13,617400,4,20.02,63
G0400130617500,2010,Arizona,4,Maricopa County,13,617500,3,32,26
G0400130617600,2010,Arizona,4,Maricopa County,13,617600,7,83,145
G0400130617700,2010,Arizona,4,Maricopa County,13,617700,14,113,369
G0400130617800,2010,Arizona,4,Maricopa County,13,617800,20,57,61
G0400130617900,2010,Arizona,4,Maricopa County,13,617900,13,29,82
G0400130618000,2010,Arizona,4,Maricopa County,13,618000,56,250,224
G0400130618100,2010,Arizona,4,Maricopa County,13,618100,84,78,76
G0400130618200,2010,Arizona,4,Maricopa County,13,618200,94,73,56
G0400130618300,2010,Arizona,4,Maricopa County,13,618300,93,67,59
G0400130618400,2010,Arizona,4,Maricopa County,13,618400,41,45,67
G0400130618500,2010,Arizona,4,Maricopa County,13,618500,75,144,66
G0400130618600,2010,Arizona,4,Maricopa County,13,618600,41,31,68
G0400130618700,2010,Arizona,4,Maricopa County,13,618700,35,61,68
G0400130618800,2010,Arizona,4,Maricopa County,13,618800,54,63,54
G0400130618900,2010,Arizona,4,Maricopa County,13,618900,48,112,136
G0400130619000,2010,Arizona,4,Maricopa County,13,619000,9,76,104
G0400130619100,2010,Arizona,4,Maricopa County,13,619100,56,38,38
G0400130619200,2010,Arizona,4,Maricopa County,13,619200,28,171,124
G0400130619300,2010,Arizona,4,Maricopa County,13,619300,12,69,137
G0400130619400,2010,Arizona,4,Maricopa County,13,619400,6,40,132
G0400130619500,2010,Arizona,4,Maricopa County,13,619500,24,40,130
G0400130619600,2010,Arizona,4,Maricopa County,13,619600,25,30,42
G0400130619700,2010,Arizona,4,Maricopa County,13,619700,34,70,79
G0400130619800,2010,Arizona,4,Maricopa County,13,619800,8,121,491
G0400130619900,2010,Arizona,4,Maricopa County,13,619900,33.07,238,798
G0400130723303,2010,Arizona,4,Maricopa County,13,723303,0,1,0
G0400130723304,2010,Arizona,4,Maricopa County,13,723304,7,1,17
G0400130723305,2010,Arizona,4,Maricopa County,13,723305,26,7,19
G0400130723306,2010,Arizona,4,Maricopa County,13,723306,0,0,30
G0400130723307,2010,Arizona,4,Maricopa County,13,723307,0,3.24,72
G0400130723308,2010,Arizona,4,Maricopa County,13,723308,0,35.76,221
G0400130810000,2010,Arizona,4,Maricopa County,13,810000,1,163,187
G0400130810100,2010,Arizona,4,Maricopa County,13,810100,207.84,412.42,478
G0400130810200,2010,Arizona,4,Maricopa County,13,810200,72.08,250.36,470
G0400130810300,2010,Arizona,4,Maricopa County,13,810300,195.83,301.22,349
G0400130810400,2010,Arizona,4,Maricopa County,13,810400,36,452,551
G0400130810500,2010,Arizona,4,Maricopa County,13,810500,31,479,768
G0400130810600,2010,Arizona,4,Maricopa County,13,810600,66.26,575,822
G0400130810700,2010,Arizona,4,Maricopa County,13,810700,89.06,399.33,537
G0400130810800,2010,Arizona,4,Maricopa County,13,810800,10.94,411.67,683
G0400130810900,2010,Arizona,4,Maricopa County,13,810900,76,320,456
G0400130811000,2010,Arizona,4,Maricopa County,13,811000,58,68,109
G0400130811100,2010,Arizona,4,Maricopa County,13,811100,68,41,72
G0400130811200,2010,Arizona,4,Maricopa County,13,811200,7,3,159
G0400130811300,2010,Arizona,4,Maricopa County,13,811300,22,81,238
G0400130811400,2010,Arizona,4,Maricopa County,13,811400,8,321,315
G0400130811500,2010,Arizona,4,Maricopa County,13,811500,0,113,327
G0400130811600,2010,Arizona,4,Maricopa County,13,811600,40,61,297
G0400130811700,2010,Arizona,4,Maricopa County,13,811700,41,91,155
G0400130811800,2010,Arizona,4,Maricopa County,13,811800,0,46,386
G0400130811900,2010,Arizona,4,Maricopa County,13,811900,3,320,618
G0400130812000,2010,Arizona,4,Maricopa County,13,812000,4,27,336
G0400130812100,2010,Arizona,4,Maricopa County,13,812100,0,25,641
G0400130812200,2010,Arizona,4,Maricopa County,13,812200,0,250,735
G0400130812300,2010,Arizona,4,Maricopa County,13,812300,0,74,584
G0400130812400,2010,Arizona,4,Maricopa County,13,812400,0,10,444
G0400130812500,2010,Arizona,4,Maricopa County,13,812500,0,0,393
G0400130812600,2010,Arizona,4,Maricopa County,13,812600,13,126,270
G0400130812700,2010,Arizona,4,Maricopa County,13,812700,0,250,886
G0400130812800,2010,Arizona,4,Maricopa County,13,812800,0,3,804
G0400130812900,2010,Arizona,4,Maricopa County,13,812900,0,60,293
G0400130813000,2010,Arizona,4,Maricopa County,13,813000,1,23,224
G0400130813100,2010,Arizona,4,Maricopa County,13,813100,0,0,381
G0400130813200,2010,Arizona,4,Maricopa County,13,813200,0,3,594
G0400130813300,2010,Arizona,4,Maricopa County,13,813300,0,3,666
G0400130813400,2010,Arizona,4,Maricopa County,13,813400,0,1,459
G0400130813500,2010,Arizona,4,Maricopa County,13,813500,0,9,233
G0400130813600,2010,Arizona,4,Maricopa County,13,813600,0,11,292
G0400130813700,2010,Arizona,4,Maricopa County,13,813700,1,5,21
G0400130813800,2010,Arizona,4,Maricopa County,13,813800,0,13,24
G0400130813900,2010,Arizona,4,Maricopa County,13,813900,0,6,225
G0400130814000,2010,Arizona,4,Maricopa County,13,814000,0,0,30
G0400130814100,2010,Arizona,4,Maricopa County,13,814100,0,0,350
G0400130814200,2010,Arizona,4,Maricopa County,13,814200,32,181,173
G0400130814300,2010,Arizona,4,Maricopa County,13,814300,14,207,282
G0400130814400,2010,Arizona,4,Maricopa County,13,814400,0,219,280
G0400130814500,2010,Arizona,4,Maricopa County,13,814500,0,113,269
G0400130814600,2010,Arizona,4,Maricopa County,13,814600,0,73,185
G0400130814700,2010,Arizona,4,Maricopa County,13,814700,0,72,243
G0400130814800,2010,Arizona,4,Maricopa County,13,814800,0,7,350
G0400130814900,2010,Arizona,4,Maricopa County,13,814900,1,64,79
G0400130815000,2010,Arizona,4,Maricopa County,13,815000,0,84,266
G0400130815100,2010,Arizona,4,Maricopa County,13,815100,0,8,308
G0400130815200,2010,Arizona,4,Maricopa County,13,815200,3,3,464
G0400130815300,2010,Arizona,4,Maricopa County,13,815300,1,6,278
G0400130815400,2010,Arizona,4,Maricopa County,13,815400,1,3,594
G0400130815500,2010,Arizona,4,Maricopa County,13,815500,0,4,444
G0400130815600,2010,Arizona,4,Maricopa County,13,815600,0,0,419
G0400130815700,2010,Arizona,4,Maricopa County,13,815700,0,6,221
G0400130815800,2010,Arizona,4,Maricopa County,13,815800,0,0,250
G0400130815900,2010,Arizona,4,Maricopa County,13,815900,0,5,909
G0400130816000,2010,Arizona,4,Maricopa County,13,816000,1,9,558
G0400130816100,2010,Arizona,4,Maricopa County,13,816100,0,0,203
G0400130816200,2010,Arizona,4,Maricopa County,13,816200,0,0,164
G0400130816300,2010,Arizona,4,Maricopa County,13,816300,0,0,47
G0400130816400,2010,Arizona,4,Maricopa County,13,816400,0,3,423
G0400130816500,2010,Arizona,4,Maricopa County,13,816500,3,4,101
G0400130816600,2010,Arizona,4,Maricopa County,13,816600,0,0,226
G0400130816700,2010,Arizona,4,Maricopa County,13,816700,0,0,97
G0400130816800,2010,Arizona,4,Maricopa County,13,816800,2,4,86
G0400130816900,2010,Arizona,4,Maricopa County,13,816900,4,3,60
G0400130817000,2010,Arizona,4,Maricopa County,13,817000,7,1,104
G0400130817100,2010,Arizona,4,Maricopa County,13,817100,1,1,133
G0400130817200,2010,Arizona,4,Maricopa County,13,817200,5,19,64
G0400130817300,2010,Arizona,4,Maricopa County,13,817300,0,12,57
G0400130817400,2010,Arizona,4,Maricopa County,13,817400,4,9,14
G0400130817500,2010,Arizona,4,Maricopa County,13,817500,4,7,8
G0400130817600,2010,Arizona,4,Maricopa County,13,817600,1,0,8
G0400130940700,2010,Arizona,4,Maricopa County,13,940700,0,0,0
G0400130941000,2010,Arizona,4,Maricopa County,13,941000,3,1,2
G0400130941100,2010,Arizona,4,Maricopa County,13,941100,0,0,0
G0400130941200,2010,Arizona,4,Maricopa County,13,941200,0,1,2
G0400130941300,2010,Arizona,4,Maricopa County,13,941300,6.18,6.5,14
G0400130980100,2010,Arizona,4,Maricopa County,13,980100,18,0,0
G0400130980400,2010,Arizona,4,Maricopa County,13,980400,0,7,8
G0400130980500,2010,Arizona,4,Maricopa County,13,980500,0,1,0
G0400130980600,2010,Arizona,4,Maricopa County,13,980600,0,0,0
G0400130980700,2010,Arizona,4,Maricopa County,13,980700,0,0,0
