GISJOIN,STATE,COUNTY,TRACTA,HousingUnits_1990,HousingUnits_2000,HousingUnits_2010,VacantForSale_1990,ForSalePercent_1990,VacantForSale_2000,ForSalePercent_2000,VacantForSale_2010,ForSalePercent_2010,Forsale_2015,HousingUnits_2015,ForSalePercent_2015
G0400130010101,Arizona,Maricopa County,10101,646.95,1411,3137,41,6.34,14,0.99,135,4.3,122,3137,3.89
G0400130010102,Arizona,Maricopa County,10102,399.05,1564,3253,3,0.75,52,3.32,183,5.63,0,3253,0
G0400130030401,Arizona,Maricopa County,30401,1282.12,2050.21,2927,53.83,4.2,35,1.71,108,3.69,33,2927,1.13
G0400130030402,Arizona,Maricopa County,30402,1069.92,1572.79,2095,18,1.68,20,1.27,79,3.77,0,2095,0
G0400130040502,Arizona,Maricopa County,40502,2430.82,2421,2696,28.17,1.16,33,1.36,80,2.97,0,2696,0
G0400130040506,Arizona,Maricopa County,40506,3835,4149,4236,66,1.72,109,2.63,117,2.76,0,4236,0
G0400130040507,Arizona,Maricopa County,40507,3115.84,4410,4689,58.95,1.89,106,2.4,102,2.18,18,4689,0.38
G0400130040512,Arizona,Maricopa County,40512,95.74,1168,1162,12.6,13.16,13,1.11,15,1.29,21,1162,1.81
G0400130040513,Arizona,Maricopa County,40513,1137.42,2147.03,2172,61.45,5.4,20,0.93,47,2.16,0,2172,0
G0400130040514,Arizona,Maricopa County,40514,2183,2248,2229,34,1.56,31,1.38,52,2.33,0,2229,0
G0400130040515,Arizona,Maricopa County,40515,962.7,1917.34,2625,17.53,1.82,19,0.99,103,3.92,0,2625,0
G0400130040516,Arizona,Maricopa County,40516,12.09,55.32,1962,0,0,0.99,1.79,96,4.89,273,1962,13.91
G0400130040517,Arizona,Maricopa County,40517,1173.94,1493.23,2967,43.27,3.69,26.01,1.74,116,3.91,0,2967,0
G0400130040518,Arizona,Maricopa County,40518,630.04,1094.11,2777,21.03,3.34,26,2.38,128,4.61,121,2777,4.36
G0400130040519,Arizona,Maricopa County,40519,20,1,2266,3,15,0,0,72,3.18,0,2266,0
G0400130040520,Arizona,Maricopa County,40520,1,0,1483,0,0,0,0,112,7.55,61,1483,4.11
G0400130040521,Arizona,Maricopa County,40521,37,34,1612,1,2.7,0,0,113,7.01,40,1612,2.48
G0400130040522,Arizona,Maricopa County,40522,1.13,2658.97,2935,0,0,16,0.6,44,1.5,15,2935,0.51
G0400130040523,Arizona,Maricopa County,40523,2.28,585,2164,0,0,4,0.68,39,1.8,82,2164,3.79
G0400130040524,Arizona,Maricopa County,40524,0,4,1015,0,0,0,0,12,1.18,0,1015,0
G0400130040525,Arizona,Maricopa County,40525,0,0.41,2116,0,0,0.12,29.27,28,1.32,0,2116,0
G0400130040526,Arizona,Maricopa County,40526,65.18,629,1632,1.13,1.73,29,4.61,28,1.72,51,1632,3.13
G0400130040527,Arizona,Maricopa County,40527,1463.82,1810.59,2742,13.87,0.95,61.88,3.42,83,3.03,25,2742,0.91
G0400130040528,Arizona,Maricopa County,40528,2.16,3143.98,4437,0.21,9.72,74,2.35,69,1.56,31,4437,0.7
G0400130040529,Arizona,Maricopa County,40529,9.78,890.02,2345,0.01,0.1,12,1.35,74,3.16,42,2345,1.79
G0400130040530,Arizona,Maricopa County,40530,78.06,1464,1518,8.78,11.25,14,0.96,38,2.5,0,1518,0
G0400130040531,Arizona,Maricopa County,40531,379,2040,2737,42,11.08,81,3.97,128,4.68,0,2737,0
G0400130050603,Arizona,Maricopa County,50603,632.42,890,2061,6,0.95,12,1.35,148,7.18,0,2061,0
G0400130050604,Arizona,Maricopa County,50604,616.58,774,1436,8,1.3,9,1.16,68,4.74,37,1436,2.58
G0400130050605,Arizona,Maricopa County,50605,97.01,248,2382,1,1.03,6,2.42,207,8.69,58,2382,2.43
G0400130050606,Arizona,Maricopa County,50606,316.02,655.05,2495,9,2.85,16,2.44,143,5.73,5,2495,0.2
G0400130050607,Arizona,Maricopa County,50607,266.82,290,2405,2,0.75,4,1.38,109,4.53,104,2405,4.32
G0400130050608,Arizona,Maricopa County,50608,667.28,524,2722,9.13,1.37,19,3.63,134,4.92,23,2722,0.84
G0400130050609,Arizona,Maricopa County,50609,8.74,3,2114,1.68,19.22,0,0,99,4.68,26,2114,1.23
G0400130050610,Arizona,Maricopa County,50610,763.26,614,2623,10.96,1.44,9,1.47,131,4.99,22,2623,0.84
G0400130050611,Arizona,Maricopa County,50611,286.9,296,1511,8.23,2.87,2,0.68,96,6.35,30,1511,1.99
G0400130050701,Arizona,Maricopa County,50701,578,572,1907,6,1.04,6,1.05,132,6.92,52,1907,2.73
G0400130050702,Arizona,Maricopa County,50702,1301,1432,2059,7,0.54,20,1.4,74,3.59,77,2059,3.74
G0400130060801,Arizona,Maricopa County,60801,2960,2596,2833,27,0.91,20,0.77,31,1.09,13,2833,0.46
G0400130060802,Arizona,Maricopa County,60802,2,0,737,0,0,0,0,41,5.56,0,737,0
G0400130060901,Arizona,Maricopa County,60901,134,235,1543,20,14.93,15,6.38,63,4.08,70,1543,4.54
G0400130060902,Arizona,Maricopa County,60902,851,744,1112,6,0.71,0,0,22,1.98,0,1112,0
G0400130060903,Arizona,Maricopa County,60903,88.37,617.96,1546,1.33,1.51,1.9,0.31,53,3.43,0,1546,0
G0400130060904,Arizona,Maricopa County,60904,204.63,428.04,1145,2.67,1.3,16.1,3.76,39,3.41,63,1145,5.5
G0400130061009,Arizona,Maricopa County,61009,34.12,32,3528,0,0,1,3.13,111,3.15,13,3528,0.37
G0400130061010,Arizona,Maricopa County,61010,1432,1629,2260,29,2.03,21,1.29,77,3.41,0,2260,0
G0400130061011,Arizona,Maricopa County,61011,298.7,389.48,1845,6,2.01,15,3.85,61,3.31,22,1845,1.19
G0400130061012,Arizona,Maricopa County,61012,317,1698,3201,4,1.26,14,0.82,52,1.62,26,3201,0.81
G0400130061013,Arizona,Maricopa County,61013,6,7,1917,0,0,0,0,62,3.23,0,1917,0
G0400130061014,Arizona,Maricopa County,61014,3,4,2223,0,0,0,0,62,2.79,0,2223,0
G0400130061015,Arizona,Maricopa County,61015,1,1942,2003,0,0,70,3.6,45,2.25,87,2003,4.34
G0400130061016,Arizona,Maricopa County,61016,28.98,28.95,1505,0,0,0,0,97,6.45,135,1505,8.97
G0400130061017,Arizona,Maricopa County,61017,0,0,0,0,0,0,0,0,0,31,0,0
G0400130061018,Arizona,Maricopa County,61018,2.88,1550.98,3169,0,0,34.08,2.2,46,1.45,58,3169,1.83
G0400130061019,Arizona,Maricopa County,61019,408,672,1133,7,1.72,3,0.45,37,3.27,38,1133,3.35
G0400130061020,Arizona,Maricopa County,61020,3,113.02,1312,0,0,1.92,1.7,27,2.06,150,1312,11.43
G0400130061021,Arizona,Maricopa County,61021,0,0,579,0,0,0,0,34,5.87,0,579,0
G0400130061022,Arizona,Maricopa County,61022,22,812,3390,0,0,41,5.05,129,3.81,0,3390,0
G0400130061023,Arizona,Maricopa County,61023,216,497,3309,0,0,3,0.6,138,4.17,26,3309,0.79
G0400130061024,Arizona,Maricopa County,61024,64,70,698,1,1.56,0,0,29,4.15,65,698,9.31
G0400130061025,Arizona,Maricopa County,61025,0,0,2629,0,0,0,0,120,4.56,55,2629,2.09
G0400130061026,Arizona,Maricopa County,61026,6,6,1917,0,0,3,50,59,3.08,36,1917,1.88
G0400130061027,Arizona,Maricopa County,61027,0,759,2199,0,0,26,3.43,53,2.41,0,2199,0
G0400130061028,Arizona,Maricopa County,61028,26,22,1101,0,0,1,4.55,18,1.63,63,1101,5.72
G0400130061029,Arizona,Maricopa County,61029,1.54,1067,2148,0,0,14,1.31,46,2.14,13,2148,0.61
G0400130061030,Arizona,Maricopa County,61030,3.03,7.04,2522,0,0,0,0,169,6.7,43,2522,1.7
G0400130061031,Arizona,Maricopa County,61031,139.97,179.96,1243,0,0,0,0,58,4.67,38,1243,3.06
G0400130061032,Arizona,Maricopa County,61032,9,7,1928,0,0,0,0,51,2.65,10,1928,0.52
G0400130061033,Arizona,Maricopa County,61033,1,313,2195,0,0,0,0,73,3.33,0,2195,0
G0400130061034,Arizona,Maricopa County,61034,0,0,2358,0,0,0,0,90,3.82,0,2358,0
G0400130061035,Arizona,Maricopa County,61035,1.46,16,2366,0,0,0,0,89,3.76,62,2366,2.62
G0400130061036,Arizona,Maricopa County,61036,6,9,852,0,0,0,0,63,7.39,15,852,1.76
G0400130061037,Arizona,Maricopa County,61037,0,0,1444,0,0,0,0,127,8.8,36,1444,2.49
G0400130061038,Arizona,Maricopa County,61038,2,3,1550,0,0,0,0,63,4.06,0,1550,0
G0400130061039,Arizona,Maricopa County,61039,11,14,1242,0,0,1,7.14,50,4.03,35,1242,2.82
G0400130061040,Arizona,Maricopa County,61040,0.86,0.54,1461,0,0,0,0,55,3.76,0,1461,0
G0400130061041,Arizona,Maricopa County,61041,1.13,0.68,1420,0,0,0,0,45,3.17,0,1420,0
G0400130061042,Arizona,Maricopa County,61042,769.78,1041.3,1561,3.98,0.52,19,1.82,36,2.31,0,1561,0
G0400130061043,Arizona,Maricopa County,61043,65.23,95.47,799,0.02,0.03,1,1.05,27,3.38,0,799,0
G0400130061044,Arizona,Maricopa County,61044,129.99,177,1978,0,0,2,1.13,126,6.37,15,1978,0.76
G0400130061045,Arizona,Maricopa County,61045,471.15,984,1783,6,1.27,9,0.91,39,2.19,76,1783,4.26
G0400130061046,Arizona,Maricopa County,61046,694.62,949.07,2043,8.8,1.27,12,1.26,44,2.15,20,2043,0.98
G0400130061047,Arizona,Maricopa County,61047,2.05,1.44,1022,0,0,0,0,31,3.03,73,1022,7.14
G0400130061100,Arizona,Maricopa County,61100,1255.48,996.01,2576,0.2,0.02,0,0,0,0,69,2576,2.68
G0400130061200,Arizona,Maricopa County,61200,2027.09,2213.37,2226,28.87,1.42,24.88,1.12,14,0.63,0,2226,0
G0400130061300,Arizona,Maricopa County,61300,791.34,711.7,726,9.18,1.16,6.12,0.86,12,1.65,0,726,0
G0400130061401,Arizona,Maricopa County,61401,743.79,676.02,700,9.96,1.34,2,0.3,4,0.57,60,700,8.57
G0400130061402,Arizona,Maricopa County,61402,1000.78,1017.91,1852,22.99,2.3,11,1.08,64,3.46,0,1852,0
G0400130071503,Arizona,Maricopa County,71503,3720,3642,3746,211,5.67,106,2.91,178,4.75,0,3746,0
G0400130071504,Arizona,Maricopa County,71504,2635,2626,2627,59,2.24,52,1.98,65,2.47,35,2627,1.33
G0400130071505,Arizona,Maricopa County,71505,3543.35,3847.82,4207,104.95,2.96,107.96,2.81,147,3.49,110,4207,2.61
G0400130071506,Arizona,Maricopa County,71506,2815,2850,2876,57,2.02,67,2.35,62,2.16,0,2876,0
G0400130071509,Arizona,Maricopa County,71509,204,1037,2244,9,4.41,11,1.06,16,0.71,0,2244,0
G0400130071510,Arizona,Maricopa County,71510,731,1329,1355,23,3.15,6,0.45,16,1.18,21,1355,1.55
G0400130071511,Arizona,Maricopa County,71511,721,917,1480,18,2.5,13,1.42,16,1.08,23,1480,1.55
G0400130071512,Arizona,Maricopa County,71512,1476,2015,2143,59,4,11,0.55,31,1.45,15,2143,0.7
G0400130071513,Arizona,Maricopa County,71513,367,415,588,8,2.18,11,2.65,11,1.87,0,588,0
G0400130071514,Arizona,Maricopa County,71514,17.15,1539,1597,4.23,24.66,16,1.04,27,1.69,9,1597,0.56
G0400130071515,Arizona,Maricopa County,71515,486.85,1522,1947,100.77,20.7,22,1.45,35,1.8,25,1947,1.28
G0400130071516,Arizona,Maricopa County,71516,1438.69,1532,2217,38.07,2.65,58,3.79,42,1.89,16,2217,0.72
G0400130071517,Arizona,Maricopa County,71517,370.31,1017,1428,11.93,3.22,2,0.2,39,2.73,22,1428,1.54
G0400130071600,Arizona,Maricopa County,71600,1619,1687,1959,54,3.34,22,1.3,40,2.04,0,1959,0
G0400130071701,Arizona,Maricopa County,71701,137,192,968,2,1.46,0,0,37,3.82,45,968,4.65
G0400130071702,Arizona,Maricopa County,71702,2689,2654,2662,116,4.31,87,3.28,91,3.42,115,2662,4.32
G0400130071801,Arizona,Maricopa County,71801,3421,3619,3907,143,4.18,89,2.46,104,2.66,50,3907,1.28
G0400130071802,Arizona,Maricopa County,71802,2578,2581,2532,68,2.64,73,2.83,83,3.28,40,2532,1.58
G0400130071903,Arizona,Maricopa County,71903,2310,2427,2609,70,3.03,41,1.69,64,2.45,0,2609,0
G0400130071906,Arizona,Maricopa County,71906,1252.55,1864,2186,42,3.35,15,0.8,41,1.88,54,2186,2.47
G0400130071909,Arizona,Maricopa County,71909,824,1691,1808,24,2.91,23,1.36,42,2.32,28,1808,1.55
G0400130071910,Arizona,Maricopa County,71910,1841,2298,2346,106,5.76,31,1.35,71,3.03,29,2346,1.24
G0400130071911,Arizona,Maricopa County,71911,408,848,1199,17,4.17,28,3.3,33,2.75,0,1199,0
G0400130071912,Arizona,Maricopa County,71912,1046,1108,1213,20,1.91,18,1.62,58,4.78,0,1213,0
G0400130071913,Arizona,Maricopa County,71913,783.45,1538,1960,9,1.15,31,2.02,27,1.38,0,1960,0
G0400130071914,Arizona,Maricopa County,71914,865,996,989,27,3.12,6,0.6,26,2.63,0,989,0
G0400130071915,Arizona,Maricopa County,71915,1277,1427,1438,63,4.93,13,0.91,45,3.13,9,1438,0.63
G0400130082002,Arizona,Maricopa County,82002,1591,1895,2376,40,2.51,23,1.21,60,2.53,24,2376,1.01
G0400130082007,Arizona,Maricopa County,82007,1202,1269,1296,50,4.16,14,1.1,40,3.09,25,1296,1.93
G0400130082008,Arizona,Maricopa County,82008,649,1483,1486,21,3.24,14,0.94,41,2.76,0,1486,0
G0400130082009,Arizona,Maricopa County,82009,1068,1205,1358,23,2.15,14,1.16,32,2.36,0,1358,0
G0400130082010,Arizona,Maricopa County,82010,1080,1119,1225,17,1.57,6,0.54,10,0.82,0,1225,0
G0400130082012,Arizona,Maricopa County,82012,428,1037,1897,18,4.21,7,0.68,75,3.95,6,1897,0.32
G0400130082016,Arizona,Maricopa County,82016,1,84,707,0,0,13,15.48,16,2.26,0,707,0
G0400130082017,Arizona,Maricopa County,82017,2,3,1448,0,0,0,0,42,2.9,0,1448,0
G0400130082018,Arizona,Maricopa County,82018,449,1054,1494,23,5.12,13,1.23,43,2.88,0,1494,0
G0400130082019,Arizona,Maricopa County,82019,448,847,860,23,5.13,12,1.42,24,2.79,0,860,0
G0400130082020,Arizona,Maricopa County,82020,350,1347,1388,40,11.43,12,0.89,32,2.31,23,1388,1.66
G0400130082021,Arizona,Maricopa County,82021,148,678,694,1,0.68,8,1.18,31,4.47,19,694,2.74
G0400130082022,Arizona,Maricopa County,82022,181,571,1753,4,2.21,31,5.43,41,2.34,0,1753,0
G0400130082023,Arizona,Maricopa County,82023,1,706,1829,0,0,46,6.52,71,3.88,0,1829,0
G0400130082024,Arizona,Maricopa County,82024,22,83,1597,2,9.09,2,2.41,28,1.75,29,1597,1.82
G0400130082025,Arizona,Maricopa County,82025,14,13,856,0,0,0,0,26,3.04,0,856,0
G0400130082026,Arizona,Maricopa County,82026,2,3,2118,0,0,0,0,60,2.83,13,2118,0.61
G0400130082027,Arizona,Maricopa County,82027,18,17,1422,0,0,0,0,68,4.78,33,1422,2.32
G0400130082028,Arizona,Maricopa County,82028,129,1212,1358,16,12.4,16,1.32,50,3.68,19,1358,1.4
G0400130082203,Arizona,Maricopa County,82203,15,18,2304,0,0,0,0,142,6.16,92,2304,3.99
G0400130082204,Arizona,Maricopa County,82204,55.01,52,1594,1.06,1.93,0,0,84,5.27,31,1594,1.94
G0400130082205,Arizona,Maricopa County,82205,5,5,1607,0,0,0,0,89,5.54,40,1607,2.49
G0400130082206,Arizona,Maricopa County,82206,27,27,890,1,3.7,0,0,66,7.42,24,890,2.7
G0400130082207,Arizona,Maricopa County,82207,337.99,427,809,10.94,3.24,10,2.34,56,6.92,8,809,0.99
G0400130082208,Arizona,Maricopa County,82208,575.53,605,823,8.55,1.49,1,0.17,43,5.22,0,823,0
G0400130082209,Arizona,Maricopa County,82209,716,730,915,0,0,5,0.68,22,2.4,19,915,2.08
G0400130082210,Arizona,Maricopa County,82210,51,81,1480,0,0,0,0,81,5.47,0,1480,0
G0400130082211,Arizona,Maricopa County,82211,29.47,16,1477,1.45,4.92,0,0,78,5.28,58,1477,3.93
G0400130083000,Arizona,Maricopa County,83000,1360,1484,2169,14,1.03,9,0.61,37,1.71,0,2169,0
G0400130092305,Arizona,Maricopa County,92305,1500,1485,1491,40,2.67,12,0.81,55,3.69,33,1491,2.21
G0400130092306,Arizona,Maricopa County,92306,2010,2275,2293,50,2.49,15,0.66,72,3.14,0,2293,0
G0400130092307,Arizona,Maricopa County,92307,2064,2216,2435,27,1.31,9,0.41,52,2.14,41,2435,1.68
G0400130092308,Arizona,Maricopa County,92308,2598,2581,2587,50,1.92,11,0.43,55,2.13,51,2587,1.97
G0400130092309,Arizona,Maricopa County,92309,1932,2057,2052,61,3.16,14,0.68,44,2.14,31,2052,1.51
G0400130092311,Arizona,Maricopa County,92311,1337,1346,1453,28,2.09,6,0.45,17,1.17,18,1453,1.24
G0400130092312,Arizona,Maricopa County,92312,2292,2469,2772,31,1.35,42,1.7,41,1.48,15,2772,0.54
G0400130092401,Arizona,Maricopa County,92401,1860,1870,1896,28,1.51,3,0.16,42,2.22,66,1896,3.48
G0400130092402,Arizona,Maricopa County,92402,1447,1478,1554,24,1.66,11,0.74,32,2.06,50,1554,3.22
G0400130092500,Arizona,Maricopa County,92500,1587,1657,2054,30,1.89,28,1.69,35,1.7,0,2054,0
G0400130092600,Arizona,Maricopa County,92600,1269,1366,1246,37,2.92,11,0.81,26,2.09,0,1246,0
G0400130092705,Arizona,Maricopa County,92705,740,897,1435,11,1.49,15,1.67,39,2.72,0,1435,0
G0400130092708,Arizona,Maricopa County,92708,143,143,796,0,0,0,0,8,1.01,0,796,0
G0400130092709,Arizona,Maricopa County,92709,977,1279,1444,62,6.35,74,5.79,51,3.53,27,1444,1.87
G0400130092710,Arizona,Maricopa County,92710,394,1360,1498,24,6.09,14,1.03,43,2.87,0,1498,0
G0400130092711,Arizona,Maricopa County,92711,647,745,1103,4,0.62,5,0.67,23,2.09,0,1103,0
G0400130092712,Arizona,Maricopa County,92712,497,1061,1510,15,3.02,15,1.41,32,2.12,33,1510,2.19
G0400130092713,Arizona,Maricopa County,92713,446,1330,1466,27,6.05,20,1.5,37,2.52,42,1466,2.86
G0400130092715,Arizona,Maricopa County,92715,989.08,1007,1299,22.49,2.27,6,0.6,28,2.16,0,1299,0
G0400130092716,Arizona,Maricopa County,92716,1068.92,1179,1168,21.51,2.01,4,0.34,35,3,32,1168,2.74
G0400130092717,Arizona,Maricopa County,92717,764,824,1608,20,2.62,20,2.43,25,1.55,0,1608,0
G0400130092718,Arizona,Maricopa County,92718,890,901,1257,12,1.35,7,0.78,22,1.75,0,1257,0
G0400130092719,Arizona,Maricopa County,92719,142,1021,1740,11,7.75,8,0.78,26,1.49,41,1740,2.36
G0400130092720,Arizona,Maricopa County,92720,538,996,2049,17,3.16,10,1,53,2.59,15,2049,0.73
G0400130092721,Arizona,Maricopa County,92721,37,40,888,1,2.7,0,0,56,6.31,0,888,0
G0400130092723,Arizona,Maricopa County,92723,239,1146,1774,53,22.18,26,2.27,41,2.31,0,1774,0
G0400130092724,Arizona,Maricopa County,92724,1543,1434,1605,43,2.79,18,1.26,37,2.31,9,1605,0.56
G0400130092801,Arizona,Maricopa County,92801,1760.1,1717.11,1718,16,0.91,5,0.29,11,0.64,64,1718,3.73
G0400130092802,Arizona,Maricopa County,92802,1778,1768,1739,26,1.46,9,0.51,22,1.27,105,1739,6.04
G0400130092900,Arizona,Maricopa County,92900,1198.9,1228.89,1145,10,0.83,7,0.57,18,1.57,0,1145,0
G0400130093001,Arizona,Maricopa County,93001,2236,2189,2144,91,4.07,19,0.87,56,2.61,21,2144,0.98
G0400130093002,Arizona,Maricopa County,93002,1463,1401,1397,19,1.3,17,1.21,60,4.29,22,1397,1.57
G0400130093101,Arizona,Maricopa County,93101,1814,1767,1780,30,1.65,35,1.98,29,1.63,0,1780,0
G0400130093104,Arizona,Maricopa County,93104,1601,1541,1830,11,0.69,18,1.17,27,1.48,13,1830,0.71
G0400130093105,Arizona,Maricopa County,93105,2182,2195,2234,8,0.37,14,0.64,16,0.72,13,2234,0.58
G0400130093106,Arizona,Maricopa County,93106,1132,1141,1194,22,1.94,4,0.35,19,1.59,260,1194,21.78
G0400130093200,Arizona,Maricopa County,93200,1449,1420,1534,43,2.97,26,1.83,53,3.46,0,1534,0
G0400130103205,Arizona,Maricopa County,103205,1043,1043,1045,15,1.44,4,0.38,33,3.16,0,1045,0
G0400130103206,Arizona,Maricopa County,103206,940,941,976,19,2.02,8,0.85,21,2.15,42,976,4.3
G0400130103207,Arizona,Maricopa County,103207,958,950,941,23,2.4,9,0.95,15,1.59,15,941,1.59
G0400130103208,Arizona,Maricopa County,103208,1961,1971,2687,53,2.7,9,0.46,85,3.16,78,2687,2.9
G0400130103209,Arizona,Maricopa County,103209,1964.94,2698,2545,54,2.75,19,0.7,95,3.73,23,2545,0.9
G0400130103210,Arizona,Maricopa County,103210,2942,3493,3496,37,1.26,5,0.14,41,1.17,0,3496,0
G0400130103211,Arizona,Maricopa County,103211,1561,1789,1800,36,2.31,7,0.39,33,1.83,127,1800,7.06
G0400130103212,Arizona,Maricopa County,103212,1435,1656,1681,38,2.65,5,0.3,31,1.84,0,1681,0
G0400130103214,Arizona,Maricopa County,103214,1280,1530,1537,41,3.2,7,0.46,29,1.89,20,1537,1.3
G0400130103215,Arizona,Maricopa County,103215,918,995,1009,13,1.42,11,1.11,19,1.88,0,1009,0
G0400130103216,Arizona,Maricopa County,103216,1873,2104,2229,47,2.51,14,0.67,36,1.62,0,2229,0
G0400130103217,Arizona,Maricopa County,103217,1889,2612,2738,57,3.02,7,0.27,39,1.42,0,2738,0
G0400130103219,Arizona,Maricopa County,103219,832,1568,1798,17,2.04,25,1.59,64,3.56,24,1798,1.33
G0400130103220,Arizona,Maricopa County,103220,285,1731,1734,11,3.86,6,0.35,20,1.15,55,1734,3.17
G0400130103302,Arizona,Maricopa County,103302,2675.39,2507.4,2506,48.02,1.79,18,0.72,67,2.67,0,2506,0
G0400130103303,Arizona,Maricopa County,103303,1419,1685,1730,41,2.89,30,1.78,47,2.72,116,1730,6.71
G0400130103304,Arizona,Maricopa County,103304,1618,1641,1942,13,0.8,8,0.49,47,2.42,17,1942,0.88
G0400130103305,Arizona,Maricopa County,103305,1190.56,1205,1182,25,2.1,10,0.83,34,2.88,87,1182,7.36
G0400130103306,Arizona,Maricopa County,103306,1353.07,1357,1494,38.99,2.88,8,0.59,24,1.61,0,1494,0
G0400130103400,Arizona,Maricopa County,103400,2025.61,1828.6,1842,46.98,2.32,18,0.98,41,2.23,17,1842,0.92
G0400130103501,Arizona,Maricopa County,103501,881.77,1172,1254,21.84,2.48,10,0.85,14,1.12,93,1254,7.42
G0400130103502,Arizona,Maricopa County,103502,1990.6,2556,2619,41.17,2.07,11,0.43,70,2.67,0,2619,0
G0400130103604,Arizona,Maricopa County,103604,1826,2067,1980,23,1.26,99,4.79,24,1.21,29,1980,1.46
G0400130103605,Arizona,Maricopa County,103605,2383,2525,2546,55,2.31,23,0.91,48,1.89,0,2546,0
G0400130103606,Arizona,Maricopa County,103606,1293,1721,1846,49,3.79,24,1.39,43,2.33,40,1846,2.17
G0400130103607,Arizona,Maricopa County,103607,1253.37,1832,1868,46.05,3.67,21,1.15,38,2.03,29,1868,1.55
G0400130103608,Arizona,Maricopa County,103608,891,1092,1586,10,1.12,9,0.82,49,3.09,20,1586,1.26
G0400130103609,Arizona,Maricopa County,103609,2461,2606,2533,17,0.69,8,0.31,12,0.47,0,2533,0
G0400130103611,Arizona,Maricopa County,103611,1530.63,1857,2365,53.95,3.52,12,0.65,38,1.61,108,2365,4.57
G0400130103612,Arizona,Maricopa County,103612,1301,2401,2463,31,2.38,9,0.37,20,0.81,0,2463,0
G0400130103614,Arizona,Maricopa County,103614,1234.35,1248,1252,20.13,1.63,12,0.96,31,2.48,13,1252,1.04
G0400130103615,Arizona,Maricopa County,103615,1806.9,1823,1938,27.29,1.51,48,2.63,16,0.83,63,1938,3.25
G0400130103701,Arizona,Maricopa County,103701,1672,2368,2558,16,0.96,27,1.14,87,3.4,0,2558,0
G0400130103702,Arizona,Maricopa County,103702,1261,1533,1731,36,2.85,16,1.04,29,1.68,0,1731,0
G0400130103900,Arizona,Maricopa County,103900,2368,2408,2418,33,1.39,27,1.12,38,1.57,51,2418,2.11
G0400130104000,Arizona,Maricopa County,104000,2321,2724,2831,20,0.86,11,0.4,66,2.33,12,2831,0.42
G0400130104100,Arizona,Maricopa County,104100,2671,2471,2625,44,1.65,19,0.77,69,2.63,0,2625,0
G0400130104202,Arizona,Maricopa County,104202,1819,1882,1882,52,2.86,17,0.9,45,2.39,0,1882,0
G0400130104203,Arizona,Maricopa County,104203,2393,2385,2379,29,1.21,14,0.59,51,2.14,0,2379,0
G0400130104204,Arizona,Maricopa County,104204,1121,1124,1126,33,2.94,3,0.27,34,3.02,50,1126,4.44
G0400130104205,Arizona,Maricopa County,104205,2516.06,2404.06,2603,30,1.19,12,0.5,48,1.84,150,2603,5.76
G0400130104206,Arizona,Maricopa County,104206,1445,1488,1474,21,1.45,6,0.4,41,2.78,44,1474,2.99
G0400130104207,Arizona,Maricopa County,104207,1887,1790,1925,21,1.11,4,0.22,36,1.87,0,1925,0
G0400130104212,Arizona,Maricopa County,104212,1988,2318,2321,37,1.86,12,0.52,28,1.21,0,2321,0
G0400130104214,Arizona,Maricopa County,104214,763,856,768,18,2.36,3,0.35,9,1.17,0,768,0
G0400130104215,Arizona,Maricopa County,104215,1680,1737,1727,37,2.2,11,0.63,28,1.62,16,1727,0.93
G0400130104216,Arizona,Maricopa County,104216,1869,2015,2040,21,1.12,3,0.15,20,0.98,40,2040,1.96
G0400130104217,Arizona,Maricopa County,104217,2099,2073,2059,40,1.91,12,0.58,35,1.7,0,2059,0
G0400130104218,Arizona,Maricopa County,104218,1192,1621,1640,33,2.77,4,0.25,27,1.65,0,1640,0
G0400130104219,Arizona,Maricopa County,104219,1034,1034,1026,13,1.26,3,0.29,25,2.44,11,1026,1.07
G0400130104221,Arizona,Maricopa County,104221,1982,2008,2145,57,2.88,6,0.3,76,3.54,0,2145,0
G0400130104222,Arizona,Maricopa County,104222,1682,2042,2268,43,2.56,8,0.39,43,1.9,37,2268,1.63
G0400130104223,Arizona,Maricopa County,104223,564.73,588,644,7,1.24,0,0,4,0.62,68,644,10.56
G0400130104224,Arizona,Maricopa County,104224,1832.27,2530,2553,31,1.69,26,1.03,24,0.94,0,2553,0
G0400130104225,Arizona,Maricopa County,104225,1154,1391,1398,13,1.13,9,0.65,27,1.93,0,1398,0
G0400130104226,Arizona,Maricopa County,104226,1456,1521,1914,26,1.79,9,0.59,31,1.62,0,1914,0
G0400130104227,Arizona,Maricopa County,104227,845,830,842,12,1.42,4,0.48,11,1.31,0,842,0
G0400130104301,Arizona,Maricopa County,104301,1263,1259,1269,27,2.14,11,0.87,46,3.62,83,1269,6.54
G0400130104302,Arizona,Maricopa County,104302,2205,2190,2201,29,1.32,16,0.73,34,1.54,0,2201,0
G0400130104401,Arizona,Maricopa County,104401,2288,2362,2374,22,0.96,8,0.34,39,1.64,58,2374,2.44
G0400130104402,Arizona,Maricopa County,104402,571,1230,1370,18,3.15,0,0,19,1.39,0,1370,0
G0400130104501,Arizona,Maricopa County,104501,1545,1527,1560,23,1.49,3,0.2,27,1.73,28,1560,1.79
G0400130104502,Arizona,Maricopa County,104502,1697,1563,1721,19,1.12,11,0.7,27,1.57,150,1721,8.72
G0400130104600,Arizona,Maricopa County,104600,1882.76,1860,1970,18.58,0.99,10,0.54,19,0.96,0,1970,0
G0400130104701,Arizona,Maricopa County,104701,1462,1732,1699,46,3.15,29,1.67,44,2.59,0,1699,0
G0400130104702,Arizona,Maricopa County,104702,2088,2063.99,2110,17,0.81,26,1.26,34,1.61,0,2110,0
G0400130104801,Arizona,Maricopa County,104801,1565,1602,1645,39,2.49,7,0.44,31,1.88,0,1645,0
G0400130104802,Arizona,Maricopa County,104802,2739,2835,2776,60,2.19,16,0.56,32,1.15,0,2776,0
G0400130104900,Arizona,Maricopa County,104900,1744,1665,1672,42,2.41,5,0.3,38,2.27,13,1672,0.78
G0400130105002,Arizona,Maricopa County,105002,1209.55,1286.34,1290,49.12,4.06,31,2.41,66,5.12,51,1290,3.95
G0400130105003,Arizona,Maricopa County,105003,1424.16,1741.14,1763,39.08,2.74,29,1.67,55,3.12,35,1763,1.99
G0400130105004,Arizona,Maricopa County,105004,1258.84,1384.86,1470,52.92,4.2,26,1.88,59,4.01,0,1470,0
G0400130105101,Arizona,Maricopa County,105101,1758.4,1799,1795,48.97,2.78,7,0.39,32,1.78,0,1795,0
G0400130105102,Arizona,Maricopa County,105102,1899,2483,2562,41,2.16,25,1.01,75,2.93,110,2562,4.29
G0400130105103,Arizona,Maricopa County,105103,1227.6,1331,1386,34.03,2.77,26,1.95,43,3.1,38,1386,2.74
G0400130105200,Arizona,Maricopa County,105200,2674,2978.01,3019,57,2.13,20,0.67,54,1.79,13,3019,0.43
G0400130105300,Arizona,Maricopa County,105300,2564,2489,2518,42,1.64,13,0.52,54,2.14,0,2518,0
G0400130105400,Arizona,Maricopa County,105400,1501,1533,1536,26,1.73,10,0.65,33,2.15,0,1536,0
G0400130105501,Arizona,Maricopa County,105501,989,1049,1047,11,1.11,3,0.29,14,1.34,0,1047,0
G0400130105502,Arizona,Maricopa County,105502,994,1029,1027,0,0,4,0.39,0,0,24,1027,2.34
G0400130105503,Arizona,Maricopa County,105503,1974,1983,2054,15,0.76,5,0.25,8,0.39,0,2054,0
G0400130105601,Arizona,Maricopa County,105601,1221.94,1219.94,1229,19,1.55,16,1.31,26,2.12,0,1229,0
G0400130105602,Arizona,Maricopa County,105602,2426,2456,2510,36,1.48,4,0.16,41,1.63,18,2510,0.72
G0400130105701,Arizona,Maricopa County,105701,1229,1225,1227,21,1.71,8,0.65,23,1.87,0,1227,0
G0400130105702,Arizona,Maricopa County,105702,1443,1447,1448,24,1.66,10,0.69,45,3.11,0,1448,0
G0400130105800,Arizona,Maricopa County,105800,2108,2172,2166,17,0.81,9,0.41,62,2.86,107,2166,4.94
G0400130105900,Arizona,Maricopa County,105900,1996,2219,2253,62,3.11,15,0.68,23,1.02,17,2253,0.75
G0400130106001,Arizona,Maricopa County,106001,629,662,668,16,2.54,4,0.6,8,1.2,0,668,0
G0400130106002,Arizona,Maricopa County,106002,1049,1099,1169,26,2.48,5,0.45,25,2.14,0,1169,0
G0400130106003,Arizona,Maricopa County,106003,1373,1369,1405,10,0.73,5,0.37,16,1.14,24,1405,1.71
G0400130106100,Arizona,Maricopa County,106100,2080,2466,2856,25,1.2,21,0.85,23,0.81,82,2856,2.87
G0400130106200,Arizona,Maricopa County,106200,1223,1311,1341,21,1.72,10,0.76,15,1.12,0,1341,0
G0400130106300,Arizona,Maricopa County,106300,2185,2604,2752,26,1.19,14,0.54,17,0.62,0,2752,0
G0400130106400,Arizona,Maricopa County,106400,1603,1557,1493,20,1.25,11,0.71,20,1.34,38,1493,2.55
G0400130106501,Arizona,Maricopa County,106501,1654,1729,1671,44,2.66,6,0.35,17,1.02,46,1671,2.75
G0400130106502,Arizona,Maricopa County,106502,2091,2115,2113,30,1.43,41,1.94,37,1.75,11,2113,0.52
G0400130106600,Arizona,Maricopa County,106600,1735,1740,1769,25,1.44,18,1.03,37,2.09,0,1769,0
G0400130106701,Arizona,Maricopa County,106701,1737,1741,2057,20,1.15,3,0.17,23,1.12,62,2057,3.01
G0400130106702,Arizona,Maricopa County,106702,644,639,649,8,1.24,9,1.41,35,5.39,7,649,1.08
G0400130106703,Arizona,Maricopa County,106703,920,935,974,27,2.93,10,1.07,23,2.36,37,974,3.8
G0400130106801,Arizona,Maricopa County,106801,2159,2142,2136,15,0.69,7,0.33,25,1.17,62,2136,2.9
G0400130106802,Arizona,Maricopa County,106802,1532,1524,1535,17,1.11,8,0.52,68,4.43,0,1535,0
G0400130106900,Arizona,Maricopa County,106900,2170,2212,2297,30,1.38,18,0.81,72,3.13,14,2297,0.61
G0400130107000,Arizona,Maricopa County,107000,2681,2711,2732,34,1.27,17,0.63,71,2.6,0,2732,0
G0400130107101,Arizona,Maricopa County,107101,1240,1247,1241,28,2.26,7,0.56,30,2.42,0,1241,0
G0400130107102,Arizona,Maricopa County,107102,1649,1754,1830,35,2.12,26,1.48,35,1.91,0,1830,0
G0400130107201,Arizona,Maricopa County,107201,1584,1529,1548,29,1.83,5,0.33,26,1.68,0,1548,0
G0400130107202,Arizona,Maricopa County,107202,1407,1401,1400,29,2.06,17,1.21,35,2.5,10,1400,0.71
G0400130107300,Arizona,Maricopa County,107300,2412,2333,2354,41,1.7,26,1.11,68,2.89,0,2354,0
G0400130107400,Arizona,Maricopa County,107400,2997,3024,3235,28,0.93,17,0.56,71,2.19,0,3235,0
G0400130107500,Arizona,Maricopa County,107500,1860,1852,1848,51,2.74,15,0.81,34,1.84,0,1848,0
G0400130107601,Arizona,Maricopa County,107601,1936,2081,1930,33,1.7,15,0.72,30,1.55,0,1930,0
G0400130107602,Arizona,Maricopa County,107602,1393,1440,1442,15,1.08,12,0.83,19,1.32,0,1442,0
G0400130107700,Arizona,Maricopa County,107700,1898,1905,2225,11,0.58,45,2.36,54,2.43,0,2225,0
G0400130107800,Arizona,Maricopa County,107800,1563,1849,1950,61,3.9,56,3.03,83,4.26,17,1950,0.87
G0400130107900,Arizona,Maricopa County,107900,1974.45,1981.66,1992,43.88,2.22,6,0.3,31,1.56,19,1992,0.95
G0400130108000,Arizona,Maricopa County,108000,1178.17,1198.17,1219,25,2.12,8,0.67,19,1.56,94,1219,7.71
G0400130108100,Arizona,Maricopa County,108100,917,896,902,20,2.18,18,2.01,17,1.88,0,902,0
G0400130108200,Arizona,Maricopa County,108200,1442,1654,1641,24,1.66,12,0.73,28,1.71,16,1641,0.98
G0400130108301,Arizona,Maricopa County,108301,1786,1818,1858,17,0.95,16,0.88,45,2.42,26,1858,1.4
G0400130108302,Arizona,Maricopa County,108302,1624,1625,1620,25,1.54,9,0.55,29,1.79,29,1620,1.79
G0400130108400,Arizona,Maricopa County,108400,2755,2880,3136,29,1.05,48,1.67,81,2.58,0,3136,0
G0400130108501,Arizona,Maricopa County,108501,866,1167,1179,23,2.66,2,0.17,33,2.8,0,1179,0
G0400130108502,Arizona,Maricopa County,108502,1703,1990,2469,66,3.88,45,2.26,92,3.73,29,2469,1.17
G0400130108601,Arizona,Maricopa County,108601,1373,1305,1403,6,0.44,18,1.38,43,3.06,27,1403,1.92
G0400130108602,Arizona,Maricopa County,108602,2152,2138,2679,34,1.58,7,0.33,34,1.27,24,2679,0.9
G0400130108802,Arizona,Maricopa County,108802,1636,1717,1138,17,1.04,5,0.29,28,2.46,20,1138,1.76
G0400130108901,Arizona,Maricopa County,108901,1373,1377,1373,12,0.87,6,0.44,24,1.75,106,1373,7.72
G0400130108902,Arizona,Maricopa County,108902,2373,2368,2081,42,1.77,8,0.34,46,2.21,32,2081,1.54
G0400130109001,Arizona,Maricopa County,109001,1720,1777,1750,14,0.81,2,0.11,16,0.91,46,1750,2.63
G0400130109002,Arizona,Maricopa County,109002,1784,1735,1738,16,0.9,12,0.69,11,0.63,0,1738,0
G0400130109003,Arizona,Maricopa County,109003,2009,2007,2006,15,0.75,7,0.35,16,0.8,26,2006,1.3
G0400130109101,Arizona,Maricopa County,109101,894,893,913,18,2.01,10,1.12,10,1.1,84,913,9.2
G0400130109102,Arizona,Maricopa County,109102,1710,1722,1724,35,2.05,19,1.1,31,1.8,18,1724,1.04
G0400130109200,Arizona,Maricopa County,109200,1724,1683,1703,11,0.64,4,0.24,13,0.76,8,1703,0.47
G0400130109300,Arizona,Maricopa County,109300,1146,1147,1153,33,2.88,4,0.35,23,1.99,26,1153,2.25
G0400130109400,Arizona,Maricopa County,109400,2601,2594,2596,80,3.08,17,0.66,68,2.62,0,2596,0
G0400130109500,Arizona,Maricopa County,109500,1321,1371,1405,50,3.79,9,0.66,57,4.06,8,1405,0.57
G0400130109601,Arizona,Maricopa County,109601,1409,1408,1411,36,2.56,14,0.99,35,2.48,0,1411,0
G0400130109602,Arizona,Maricopa County,109602,1751,1712,1815,39,2.23,8,0.47,37,2.04,0,1815,0
G0400130109603,Arizona,Maricopa County,109603,1252,1243,1247,34,2.72,10,0.8,28,2.25,0,1247,0
G0400130109604,Arizona,Maricopa County,109604,1106,1115,1057,42,3.8,9,0.81,46,4.35,24,1057,2.27
G0400130109701,Arizona,Maricopa County,109701,2243,2290,2649,82,3.66,15,0.66,17,0.64,90,2649,3.4
G0400130109702,Arizona,Maricopa County,109702,1320,1300.06,1308,24,1.82,3,0.23,11,0.84,0,1308,0
G0400130109703,Arizona,Maricopa County,109703,798,794,886,16,2.01,4,0.5,20,2.26,0,886,0
G0400130109704,Arizona,Maricopa County,109704,612,613,612,10,1.63,7,1.14,7,1.14,19,612,3.1
G0400130109705,Arizona,Maricopa County,109705,493,493,492,13,2.64,0,0,3,0.61,48,492,9.76
G0400130109801,Arizona,Maricopa County,109801,1125,1069,1107,40,3.56,7,0.65,11,0.99,0,1107,0
G0400130109802,Arizona,Maricopa County,109802,1197,1188,1199,17,1.42,2,0.17,48,4,0,1199,0
G0400130109900,Arizona,Maricopa County,109900,1748,1744,1954,37,2.12,8,0.46,28,1.43,0,1954,0
G0400130110001,Arizona,Maricopa County,110001,1049,1047,1076,31,2.96,7,0.67,25,2.32,24,1076,2.23
G0400130110002,Arizona,Maricopa County,110002,1261,1258,1273,23,1.82,36,2.86,21,1.65,25,1273,1.96
G0400130110100,Arizona,Maricopa County,110100,2002,1979,1988,26,1.3,2,0.1,19,0.96,0,1988,0
G0400130110400,Arizona,Maricopa County,110400,2595,2490,2478,64,2.47,22,0.88,41,1.65,46,2478,1.86
G0400130110501,Arizona,Maricopa County,110501,1348,1793,2191,9,0.67,14,0.78,138,6.3,18,2191,0.82
G0400130110502,Arizona,Maricopa County,110502,1031,1584,1676,10,0.97,7,0.44,182,10.86,18,1676,1.07
G0400130110600,Arizona,Maricopa County,110600,2421,2562,2649,85,3.51,14,0.55,51,1.93,0,2649,0
G0400130110701,Arizona,Maricopa County,110701,1012,963,1324,11,1.09,11,1.14,37,2.79,0,1324,0
G0400130110702,Arizona,Maricopa County,110702,1579,1572,1610,12,0.76,12,0.76,36,2.24,53,1610,3.29
G0400130110801,Arizona,Maricopa County,110801,2525,2545,2535,25,0.99,6,0.24,54,2.13,0,2535,0
G0400130110802,Arizona,Maricopa County,110802,1088,1093,1112,25,2.3,15,1.37,29,2.61,37,1112,3.33
G0400130110901,Arizona,Maricopa County,110901,1663,1634,1751,17,1.02,8,0.49,31,1.77,0,1751,0
G0400130110902,Arizona,Maricopa County,110902,2172,2128,2216,18,0.83,14,0.66,40,1.81,53,2216,2.39
G0400130111000,Arizona,Maricopa County,111000,2305,2301,2428,22,0.95,13,0.56,28,1.15,100,2428,4.12
G0400130111100,Arizona,Maricopa County,111100,2032,2015,2058,16,0.79,23,1.14,30,1.46,25,2058,1.21
G0400130111201,Arizona,Maricopa County,111201,2936,2935,2939,22,0.75,7,0.24,57,1.94,64,2939,2.18
G0400130111202,Arizona,Maricopa County,111202,609.65,569,912,4,0.66,1,0.18,4,0.44,55,912,6.03
G0400130111203,Arizona,Maricopa County,111203,676.35,675,939,8,1.18,0,0,0,0,12,939,1.28
G0400130111204,Arizona,Maricopa County,111204,1091,1293,1484,2,0.18,1,0.08,13,0.88,58,1484,3.91
G0400130111300,Arizona,Maricopa County,111300,2333,2722,2552,20,0.86,14,0.51,40,1.57,63,2552,2.47
G0400130111401,Arizona,Maricopa County,111401,1404,1396,1406,7,0.5,10,0.72,24,1.71,0,1406,0
G0400130111402,Arizona,Maricopa County,111402,1539,1543,1556,7,0.45,8,0.52,28,1.8,0,1556,0
G0400130111501,Arizona,Maricopa County,111501,653,654,656,9,1.38,4,0.61,10,1.52,11,656,1.68
G0400130111502,Arizona,Maricopa County,111502,2268,2199,2291,28,1.23,17,0.77,34,1.48,11,2291,0.48
G0400130111601,Arizona,Maricopa County,111601,1167,1140,1138,15,1.29,16,1.4,20,1.76,59,1138,5.18
G0400130111602,Arizona,Maricopa County,111602,2029,2019,1819,15,0.74,7,0.35,19,1.04,47,1819,2.58
G0400130111700,Arizona,Maricopa County,111700,2654,2629,2691,61,2.3,54,2.05,79,2.94,19,2691,0.71
G0400130111800,Arizona,Maricopa County,111800,2171,2039,2361,59,2.72,47,2.31,123,5.21,44,2361,1.86
G0400130111900,Arizona,Maricopa County,111900,1159,1215,1199,24,2.07,18,1.48,28,2.34,65,1199,5.42
G0400130112100,Arizona,Maricopa County,112100,1047,1008,1035,21,2.01,9,0.89,18,1.74,0,1035,0
G0400130112201,Arizona,Maricopa County,112201,1125,1123,1149,18,1.6,3,0.27,18,1.57,0,1149,0
G0400130112202,Arizona,Maricopa County,112202,1468,1462,1504,19,1.29,7,0.48,17,1.13,9,1504,0.6
G0400130112301,Arizona,Maricopa County,112301,1788,1769,1800,16,0.89,3,0.17,15,0.83,55,1800,3.06
G0400130112302,Arizona,Maricopa County,112302,2233,2226,2227,58,2.6,8,0.36,36,1.62,0,2227,0
G0400130112401,Arizona,Maricopa County,112401,1565,1561,1567,38,2.43,7,0.45,14,0.89,0,1567,0
G0400130112402,Arizona,Maricopa County,112402,1280,1278,1285,46,3.59,7,0.55,14,1.09,0,1285,0
G0400130112502,Arizona,Maricopa County,112502,1296,1289,1345,49,3.78,11,0.85,36,2.68,16,1345,1.19
G0400130112503,Arizona,Maricopa County,112503,2076,2046,2057,125,6.02,11,0.54,35,1.7,25,2057,1.22
G0400130112504,Arizona,Maricopa County,112504,1074,1068,1185,25,2.33,3,0.28,17,1.43,88,1185,7.43
G0400130112505,Arizona,Maricopa County,112505,1830,2096,2649,45,2.46,9,0.43,35,1.32,0,2649,0
G0400130112507,Arizona,Maricopa County,112507,815,827,844,7,0.86,6,0.73,13,1.54,101,844,11.97
G0400130112508,Arizona,Maricopa County,112508,712,697,729,13,1.83,16,2.3,44,6.04,0,729,0
G0400130112509,Arizona,Maricopa County,112509,388,907.94,3254,0,0,0,0,12,0.37,0,3254,0
G0400130112510,Arizona,Maricopa County,112510,67,151,1214,1,1.49,17,11.26,42,3.46,0,1214,0
G0400130112511,Arizona,Maricopa County,112511,212,254,2026,1,0.47,1,0.39,76,3.75,72,2026,3.55
G0400130112512,Arizona,Maricopa County,112512,498,489,817,4,0.8,1,0.2,8,0.98,85,817,10.4
G0400130112513,Arizona,Maricopa County,112513,132,255,2362,5,3.79,7,2.75,100,4.23,59,2362,2.5
G0400130112514,Arizona,Maricopa County,112514,58,65,1229,1,1.72,0,0,49,3.99,0,1229,0
G0400130112601,Arizona,Maricopa County,112601,1009,1000,1084,7,0.69,2,0.2,6,0.55,0,1084,0
G0400130112602,Arizona,Maricopa County,112602,2041,2036,2162,50,2.45,20,0.98,29,1.34,0,2162,0
G0400130112700,Arizona,Maricopa County,112700,1962,1893,1909,34,1.73,11,0.58,23,1.2,0,1909,0
G0400130112900,Arizona,Maricopa County,112900,2055,2080,2349,32,1.56,25,1.2,29,1.23,23,2349,0.98
G0400130113000,Arizona,Maricopa County,113000,1008,945,1466,8,0.79,14,1.48,47,3.21,39,1466,2.66
G0400130113100,Arizona,Maricopa County,113100,1677,1478,1816,2,0.12,7,0.47,26,1.43,65,1816,3.58
G0400130113201,Arizona,Maricopa County,113201,938,871,889,13,1.39,5,0.57,8,0.9,16,889,1.8
G0400130113202,Arizona,Maricopa County,113202,1028,864,859,11,1.07,4,0.46,17,1.98,0,859,0
G0400130113203,Arizona,Maricopa County,113203,890,899,940,4,0.45,2,0.22,28,2.98,0,940,0
G0400130113300,Arizona,Maricopa County,113300,1967,1854,2009,13,0.66,7,0.38,20,1,0,2009,0
G0400130113400,Arizona,Maricopa County,113400,0.09,21.89,0,0,0,0.89,4.07,0,#DIV/0!,74,0,0
G0400130113501,Arizona,Maricopa County,113501,1192.07,1188.06,1495,12,1.01,2,0.17,18,1.2,20,1495,1.34
G0400130113502,Arizona,Maricopa County,113502,809.91,812.11,802,8,0.99,4.11,0.51,2,0.25,0,802,0
G0400130113601,Arizona,Maricopa County,113601,594.84,653.73,1640,5,0.84,2,0.31,19,1.16,28,1640,1.71
G0400130113602,Arizona,Maricopa County,113602,931.09,912.21,1107,13,1.4,3,0.33,8,0.72,43,1107,3.88
G0400130113700,Arizona,Maricopa County,113700,2990,2529,3549,21,0.7,24,0.95,22,0.62,0,3549,0
G0400130113801,Arizona,Maricopa County,113801,967.68,1181,1255,7,0.72,1,0.08,40,3.19,0,1255,0
G0400130113802,Arizona,Maricopa County,113802,8.32,7,4,0,0,0,0,0,0,0,4,0
G0400130113900,Arizona,Maricopa County,113900,551,420,448,8,1.45,1,0.24,0,0,25,448,5.58
G0400130114000,Arizona,Maricopa County,114000,946,1205,1164,22,2.33,8,0.66,21,1.8,150,1164,12.89
G0400130114100,Arizona,Maricopa County,114100,133,269,883,0,0,0,0,191,21.63,0,883,0
G0400130114200,Arizona,Maricopa County,114200,570,516,562,4,0.7,2,0.39,14,2.49,29,562,5.16
G0400130114301,Arizona,Maricopa County,114301,375,408,261,6,1.6,5,1.23,1,0.38,0,261,0
G0400130114302,Arizona,Maricopa County,114302,1006,923,1094,6,0.6,4,0.43,11,1.01,6,1094,0.55
G0400130114401,Arizona,Maricopa County,114401,639,639,643,14,2.19,5,0.78,9,1.4,28,643,4.35
G0400130114402,Arizona,Maricopa County,114402,746,666,700,8,1.07,5,0.75,2,0.29,0,700,0
G0400130114500,Arizona,Maricopa County,114500,1653,1476,1462,11,0.67,18,1.22,27,1.85,18,1462,1.23
G0400130114600,Arizona,Maricopa County,114600,631,491,513,44,6.97,7,1.43,6,1.17,0,513,0
G0400130114703,Arizona,Maricopa County,114703,424,385,388,2,0.47,5,1.3,14,3.61,0,388,0
G0400130114800,Arizona,Maricopa County,114800,963,857,1016,4,0.42,7,0.82,24,2.36,196,1016,19.29
G0400130114900,Arizona,Maricopa County,114900,1038,990,1019,4,0.39,2,0.2,8,0.79,0,1019,0
G0400130115200,Arizona,Maricopa County,115200,932,856,950,72,7.73,5,0.58,14,1.47,16,950,1.68
G0400130115300,Arizona,Maricopa County,115300,682,679,944,6,0.88,4,0.59,11,1.17,132,944,13.98
G0400130115400,Arizona,Maricopa County,115400,746,717,690,19,2.55,2,0.28,15,2.17,0,690,0
G0400130115500,Arizona,Maricopa County,115500,959,987,1051,31,3.23,4,0.41,14,1.33,0,1051,0
G0400130115600,Arizona,Maricopa County,115600,612,646,1189,31,5.07,7,1.08,36,3.03,12,1189,1.01
G0400130115700,Arizona,Maricopa County,115700,1212,1231,1827,14,1.16,7,0.57,36,1.97,0,1827,0
G0400130115801,Arizona,Maricopa County,115801,1198,1272,1472,11,0.92,8,0.63,21,1.43,93,1472,6.32
G0400130115802,Arizona,Maricopa County,115802,726,843,1112,17,2.34,5,0.59,29,2.61,0,1112,0
G0400130115900,Arizona,Maricopa County,115900,975,1041,1727,12,1.23,5,0.48,43,2.49,0,1727,0
G0400130116000,Arizona,Maricopa County,116000,1496,1465,2088,19,1.27,6,0.41,49,2.35,0,2088,0
G0400130116100,Arizona,Maricopa County,116100,1099,999,1378,17,1.55,4,0.4,92,6.68,86,1378,6.24
G0400130116202,Arizona,Maricopa County,116202,1420,1428,1412,28,1.97,14,0.98,37,2.62,6,1412,0.42
G0400130116203,Arizona,Maricopa County,116203,437,1054,2351,4,0.92,45,4.27,51,2.17,0,2351,0
G0400130116204,Arizona,Maricopa County,116204,1084,1079,1167,20,1.85,9,0.83,30,2.57,0,1167,0
G0400130116205,Arizona,Maricopa County,116205,1852,1842,1856,30,1.62,9,0.49,23,1.24,0,1856,0
G0400130116300,Arizona,Maricopa County,116300,1503,1806,1936,43,2.86,16,0.89,21,1.08,52,1936,2.69
G0400130116400,Arizona,Maricopa County,116400,1048,1209,1669,20,1.91,10,0.83,36,2.16,30,1669,1.8
G0400130116500,Arizona,Maricopa County,116500,1243,1241,1419,27,2.17,5,0.4,22,1.55,57,1419,4.02
G0400130116602,Arizona,Maricopa County,116602,796,816,2177,10,1.26,3,0.37,87,4,17,2177,0.78
G0400130116603,Arizona,Maricopa County,116603,220,249,1776,3,1.36,2,0.8,75,4.22,39,1776,2.2
G0400130116604,Arizona,Maricopa County,116604,3,0,1362,0,0,0,0,80,5.87,19,1362,1.4
G0400130116605,Arizona,Maricopa County,116605,31,24,1744,0,0,0,0,112,6.42,0,1744,0
G0400130116606,Arizona,Maricopa County,116606,417,400,1843,9,2.16,1,0.25,108,5.86,74,1843,4.02
G0400130116607,Arizona,Maricopa County,116607,6,6,785,0,0,0,0,32,4.08,40,785,5.1
G0400130116608,Arizona,Maricopa County,116608,37,28,1243,0,0,1,3.57,56,4.51,0,1243,0
G0400130116609,Arizona,Maricopa County,116609,164.07,192.09,1138,1,0.61,5,2.6,52,4.57,28,1138,2.46
G0400130116610,Arizona,Maricopa County,116610,40,43.05,1564,0,0,0,0,100,6.39,18,1564,1.15
G0400130116611,Arizona,Maricopa County,116611,451.93,548.87,1199,5,1.11,10,1.82,49,4.09,76,1199,6.34
G0400130116612,Arizona,Maricopa County,116612,204.98,247.97,1563,2,0.98,1,0.4,50,3.2,37,1563,2.37
G0400130116613,Arizona,Maricopa County,116613,262.02,282.03,2294,7,2.67,8,2.84,105,4.58,0,2294,0
G0400130116702,Arizona,Maricopa County,116702,2077,2167,2689,22,1.06,16,0.74,94,3.5,9,2689,0.33
G0400130116703,Arizona,Maricopa County,116703,790,819,1391,11,1.39,2,0.24,40,2.88,0,1391,0
G0400130116704,Arizona,Maricopa County,116704,1783.74,2502.78,3439,42.63,2.39,18,0.72,88,2.56,126,3439,3.66
G0400130116707,Arizona,Maricopa County,116707,1157,1231,1233,11,0.95,4,0.32,16,1.3,23,1233,1.87
G0400130116708,Arizona,Maricopa County,116708,2667,2890,2971,67,2.51,25,0.87,50,1.68,0,2971,0
G0400130116709,Arizona,Maricopa County,116709,553.1,1286.75,931,6.97,1.26,2.98,0.23,7,0.75,0,931,0
G0400130116710,Arizona,Maricopa County,116710,1515.47,1674,1721,49,3.23,11,0.66,29,1.69,0,1721,0
G0400130116711,Arizona,Maricopa County,116711,384.53,839,838,5,1.3,3,0.36,7,0.84,25,838,2.98
G0400130116712,Arizona,Maricopa County,116712,788,2179,2811,22,2.79,13,0.6,38,1.35,23,2811,0.82
G0400130116713,Arizona,Maricopa County,116713,1012,2517,2553,41,4.05,11,0.44,40,1.57,59,2553,2.31
G0400130116714,Arizona,Maricopa County,116714,247.97,1236,1239,21.27,8.58,19,1.54,24,1.94,0,1239,0
G0400130116715,Arizona,Maricopa County,116715,932,931,943,17,1.82,10,1.07,22,2.33,0,943,0
G0400130116717,Arizona,Maricopa County,116717,1200,1817,1997,12,1,2,0.11,7,0.35,0,1997,0
G0400130116718,Arizona,Maricopa County,116718,587,905,1302,7,1.19,2,0.22,9,0.69,29,1302,2.23
G0400130116719,Arizona,Maricopa County,116719,76,2768,2788,7,9.21,14,0.51,25,0.9,99,2788,3.55
G0400130116720,Arizona,Maricopa County,116720,783,1822,1827,31,3.96,12,0.66,17,0.93,0,1827,0
G0400130116721,Arizona,Maricopa County,116721,801,1436,1438,13,1.62,10,0.7,29,2.02,14,1438,0.97
G0400130116725,Arizona,Maricopa County,116725,68.4,2082,2287,3.7,5.41,39,1.87,49,2.14,0,2287,0
G0400130116727,Arizona,Maricopa County,116727,52.32,1297,1522,2.83,5.41,51,3.93,32,2.1,0,1522,0
G0400130116728,Arizona,Maricopa County,116728,82.8,1433,1671,4.73,5.71,15,1.05,38,2.27,18,1671,1.08
G0400130116729,Arizona,Maricopa County,116729,287.18,1472,1492,18.24,6.35,8,0.54,18,1.21,0,1492,0
G0400130116730,Arizona,Maricopa County,116730,1.78,51.46,635,0.1,5.62,2.1,4.08,20,3.15,75,635,11.81
G0400130116731,Arizona,Maricopa County,116731,39.56,982.54,1213,2.14,5.41,14.9,1.52,24,1.98,0,1213,0
G0400130116732,Arizona,Maricopa County,116732,920.1,965,1299,19,2.06,18,1.87,37,2.85,34,1299,2.62
G0400130116733,Arizona,Maricopa County,116733,22.9,82,116,0,0,0,0,6,5.17,27,116,23.28
G0400130116800,Arizona,Maricopa County,116800,1202,1165,1169,16,1.33,11,0.94,33,2.82,0,1169,0
G0400130116900,Arizona,Maricopa County,116900,651,634,655,15,2.3,6,0.95,29,4.43,0,655,0
G0400130117000,Arizona,Maricopa County,117000,2477,2465,2470,13,0.52,11,0.45,35,1.42,12,2470,0.49
G0400130117100,Arizona,Maricopa County,117100,687,1039,1444,6,0.87,5,0.48,8,0.55,154,1444,10.66
G0400130117200,Arizona,Maricopa County,117200,1034,902,513,7,0.68,8,0.89,14,2.73,0,513,0
G0400130117300,Arizona,Maricopa County,117300,594,553,517,1,0.17,4,0.72,4,0.77,51,517,9.86
G0400130216806,Arizona,Maricopa County,216806,1593,1652,1776,43,2.7,18,1.09,23,1.3,0,1776,0
G0400130216807,Arizona,Maricopa County,216807,2401.88,2596.85,2667,65.99,2.75,25,0.96,76,2.85,0,2667,0
G0400130216809,Arizona,Maricopa County,216809,244.55,1778.93,2263,12,4.91,25.98,1.46,52,2.3,33,2263,1.46
G0400130216810,Arizona,Maricopa County,216810,1042.99,1247.99,1272,73,7,21,1.68,27,2.12,0,1272,0
G0400130216813,Arizona,Maricopa County,216813,1687,2691,2725,137,8.12,35,1.3,61,2.24,13,2725,0.48
G0400130216816,Arizona,Maricopa County,216816,1661.19,2198.58,2227,66.01,3.97,21,0.96,41,1.84,33,2227,1.48
G0400130216818,Arizona,Maricopa County,216818,1821,3464,4425,75,4.12,76,2.19,142,3.21,22,4425,0.5
G0400130216819,Arizona,Maricopa County,216819,983,2455.01,2978,35,3.56,64,2.61,73,2.45,0,2978,0
G0400130216820,Arizona,Maricopa County,216820,1449,2248,2500,63,4.35,29,1.29,116,4.64,0,2500,0
G0400130216821,Arizona,Maricopa County,216821,808.01,2324.33,3283,47,5.82,44,1.89,95,2.89,98,3283,2.99
G0400130216822,Arizona,Maricopa County,216822,179.95,1245,2298,9.17,5.1,32,2.57,67,2.92,0,2298,0
G0400130216826,Arizona,Maricopa County,216826,1707,2663,2882,66,3.87,27,1.01,59,2.05,22,2882,0.76
G0400130216829,Arizona,Maricopa County,216829,69.67,1570.6,3183,1.88,2.7,108.87,6.93,108,3.39,0,3183,0
G0400130216830,Arizona,Maricopa County,216830,1356,1843,1908,13,0.96,8,0.43,30,1.57,0,1908,0
G0400130216831,Arizona,Maricopa County,216831,896.06,1115,1386,32,3.57,17,1.52,53,3.82,0,1386,0
G0400130216832,Arizona,Maricopa County,216832,1606,1841,1823,71,4.42,27,1.47,33,1.81,27,1823,1.48
G0400130216833,Arizona,Maricopa County,216833,1866.32,2183.1,2284,51.92,2.78,15,0.69,37,1.62,0,2284,0
G0400130216834,Arizona,Maricopa County,216834,1017,1387,1363,46,4.52,23,1.66,24,1.76,0,1363,0
G0400130216835,Arizona,Maricopa County,216835,1478,1848,2036,62,4.19,23,1.24,32,1.57,24,2036,1.18
G0400130216836,Arizona,Maricopa County,216836,1311,1458,1482,42,3.2,3,0.21,35,2.36,0,1482,0
G0400130216837,Arizona,Maricopa County,216837,1954.57,2571.62,2974,19.42,0.99,14.39,0.56,28,0.94,27,2974,0.91
G0400130216838,Arizona,Maricopa County,216838,909.69,2145.42,2183,19.46,2.14,9,0.42,28,1.28,86,2183,3.94
G0400130216839,Arizona,Maricopa County,216839,1051.88,1526.13,1589,27.57,2.62,9,0.59,28,1.76,19,1589,1.2
G0400130216840,Arizona,Maricopa County,216840,297,1619,1928,18,6.06,26,1.61,49,2.54,49,1928,2.54
G0400130216841,Arizona,Maricopa County,216841,524.37,1256,1434,31,5.91,80,6.37,93,6.49,66,1434,4.6
G0400130216842,Arizona,Maricopa County,216842,197.56,1127,1483,0,0,28,2.48,38,2.56,0,1483,0
G0400130216843,Arizona,Maricopa County,216843,196.23,1581.4,2170,15.6,7.95,35.13,2.22,75,3.46,9,2170,0.41
G0400130216844,Arizona,Maricopa County,216844,66.66,581,2596,0,0,77,13.25,83,3.2,28,2596,1.08
G0400130216845,Arizona,Maricopa County,216845,107.41,1179,1856,6,5.59,6,0.51,17,0.92,0,1856,0
G0400130216846,Arizona,Maricopa County,216846,55.04,2513.21,3146,2.83,5.14,28.35,1.13,43,1.37,3,3146,0.1
G0400130216847,Arizona,Maricopa County,216847,85.48,999.77,2718,4.32,5.05,11.4,1.14,113,4.16,0,2718,0
G0400130216848,Arizona,Maricopa County,216848,92.9,1706.65,2637,3.43,3.69,26.18,1.53,61,2.31,0,2637,0
G0400130216849,Arizona,Maricopa County,216849,56.32,1804.44,2838,2.34,4.15,54.09,3,50,1.76,0,2838,0
G0400130216850,Arizona,Maricopa County,216850,359.28,2242,2428,2.63,0.73,11,0.49,16,0.66,0,2428,0
G0400130216851,Arizona,Maricopa County,216851,165.6,1266.05,2040,7.2,4.35,35.59,2.81,57,2.79,13,2040,0.64
G0400130216852,Arizona,Maricopa County,216852,565.23,1556,2016,13.22,2.34,5,0.32,74,3.67,37,2016,1.84
G0400130216853,Arizona,Maricopa County,216853,349.2,2469,2770,7.09,2.03,29,1.17,37,1.34,0,2770,0
G0400130216901,Arizona,Maricopa County,216901,1583,1959,2095,65,4.11,32,1.63,71,3.39,29,2095,1.38
G0400130216902,Arizona,Maricopa County,216902,1690,1785,1862,16,0.95,12,0.67,20,1.07,37,1862,1.99
G0400130217001,Arizona,Maricopa County,217001,3104,3125,3140,132,4.25,35,1.12,104,3.31,38,3140,1.21
G0400130217002,Arizona,Maricopa County,217002,2601,2584,2593,35,1.35,34,1.32,53,2.04,0,2593,0
G0400130217101,Arizona,Maricopa County,217101,1326,1437,1410,19,1.43,21,1.46,40,2.84,0,1410,0
G0400130217102,Arizona,Maricopa County,217102,1252,1256,1274,25,2,11,0.88,33,2.59,0,1274,0
G0400130217201,Arizona,Maricopa County,217201,429,942,1261,67,15.62,1,0.11,75,5.95,49,1261,3.89
G0400130217203,Arizona,Maricopa County,217203,2544,2579,2547,84,3.3,33,1.28,92,3.61,85,2547,3.34
G0400130217204,Arizona,Maricopa County,217204,2136,2129,2144,18,0.84,8,0.38,41,1.91,6,2144,0.28
G0400130217300,Arizona,Maricopa County,217300,1643,1728,2633,36,2.19,23,1.33,237,9,52,2633,1.97
G0400130217400,Arizona,Maricopa County,217400,1910.83,1955.83,2024,32,1.67,14,0.72,60,2.96,18,2024,0.89
G0400130217501,Arizona,Maricopa County,217501,1569,1795,1713,9,0.57,11,0.61,17,0.99,7,1713,0.41
G0400130217502,Arizona,Maricopa County,217502,1396,1875,1868,49,3.51,30,1.6,25,1.34,0,1868,0
G0400130217600,Arizona,Maricopa County,217600,2797,2870,2951,11,0.39,21,0.73,63,2.13,34,2951,1.15
G0400130217700,Arizona,Maricopa County,217700,2227,2350,2343,26,1.17,14,0.6,37,1.58,0,2343,0
G0400130217800,Arizona,Maricopa County,217800,2790,2789,2989,38,1.36,25,0.9,72,2.41,0,2989,0
G0400130217900,Arizona,Maricopa County,217900,1848,1917,1929,17,0.92,14,0.73,29,1.5,30,1929,1.56
G0400130218000,Arizona,Maricopa County,218000,2428,2428,2465,20,0.82,11,0.45,32,1.3,0,2465,0
G0400130218100,Arizona,Maricopa County,218100,961,962,955,16,1.66,9,0.94,16,1.68,0,955,0
G0400130218200,Arizona,Maricopa County,218200,2319,2315,2361,17,0.73,10,0.43,45,1.91,0,2361,0
G0400130218300,Arizona,Maricopa County,218300,3019.43,2876.51,2820,113.3,3.75,55.03,1.91,133,4.72,15,2820,0.53
G0400130318400,Arizona,Maricopa County,318400,1451,1826,2396,37,2.55,24,1.31,62,2.59,85,2396,3.55
G0400130318501,Arizona,Maricopa County,318501,1598,1590,1594,11,0.69,2,0.13,25,1.57,29,1594,1.82
G0400130318700,Arizona,Maricopa County,318700,380,328,359,4,1.05,2,0.61,15,4.18,239,359,66.57
G0400130318800,Arizona,Maricopa County,318800,3232,3246,3657,10,0.31,4,0.12,63,1.72,0,3657,0
G0400130318900,Arizona,Maricopa County,318900,2812,2835,2896,28,1,10,0.35,31,1.07,59,2896,2.04
G0400130319000,Arizona,Maricopa County,319000,1068,1046,1129,8,0.75,7,0.67,15,1.33,0,1129,0
G0400130319101,Arizona,Maricopa County,319101,1556,1354,1329,2,0.13,1,0.07,2,0.15,0,1329,0
G0400130319103,Arizona,Maricopa County,319103,1982,2164,2397,4,0.2,4,0.18,6,0.25,87,2397,3.63
G0400130319104,Arizona,Maricopa County,319104,2810,2770,3052,6,0.21,5,0.18,2,0.07,20,3052,0.66
G0400130319201,Arizona,Maricopa County,319201,2543,2501,2920,31,1.22,9,0.36,22,0.75,14,2920,0.48
G0400130319202,Arizona,Maricopa County,319202,1771,1826,2326,16,0.9,3,0.16,16,0.69,96,2326,4.13
G0400130319300,Arizona,Maricopa County,319300,749,708,1080,18,2.4,9,1.27,22,2.04,0,1080,0
G0400130319401,Arizona,Maricopa County,319401,2162,2287,2380,27,1.25,9,0.39,37,1.55,64,2380,2.69
G0400130319402,Arizona,Maricopa County,319402,1635,1632,1636,33,2.02,5,0.31,28,1.71,15,1636,0.92
G0400130319403,Arizona,Maricopa County,319403,2030,2045,2041,26,1.28,6,0.29,22,1.08,0,2041,0
G0400130319404,Arizona,Maricopa County,319404,1683,1611,1671,15,0.89,7,0.43,81,4.85,0,1671,0
G0400130319500,Arizona,Maricopa County,319500,2180,2396,2431,18,0.83,9,0.38,33,1.36,6,2431,0.25
G0400130319600,Arizona,Maricopa County,319600,2535,2519,2541,37,1.46,3,0.12,24,0.94,39,2541,1.53
G0400130319703,Arizona,Maricopa County,319703,1841,2231,2235,62,3.37,27,1.21,48,2.15,0,2235,0
G0400130319704,Arizona,Maricopa County,319704,576,420,721,6,1.04,3,0.71,17,2.36,0,721,0
G0400130319705,Arizona,Maricopa County,319705,1445,1433,1435,24,1.66,16,1.12,26,1.81,61,1435,4.25
G0400130319706,Arizona,Maricopa County,319706,1632,2160,2227,24,1.47,6,0.28,69,3.1,233,2227,10.46
G0400130319800,Arizona,Maricopa County,319800,3178,3172,3178,13,0.41,6,0.19,17,0.53,17,3178,0.53
G0400130319902,Arizona,Maricopa County,319902,1023,1035,1023,5,0.49,2,0.19,12,1.17,35,1023,3.42
G0400130319903,Arizona,Maricopa County,319903,2455,2715,2800,51,2.08,10,0.37,41,1.46,14,2800,0.5
G0400130319904,Arizona,Maricopa County,319904,1971,1975,1990,21,1.07,12,0.61,29,1.46,32,1990,1.61
G0400130319905,Arizona,Maricopa County,319905,1970,2140,2146,35,1.78,10,0.47,41,1.91,0,2146,0
G0400130319906,Arizona,Maricopa County,319906,711.26,1125.31,1424,19.01,2.67,7,0.62,13,0.91,37,1424,2.6
G0400130319907,Arizona,Maricopa County,319907,714,813,832,11,1.54,8,0.98,2,0.24,5,832,0.6
G0400130319908,Arizona,Maricopa County,319908,1227,992,995,12,0.98,1,0.1,13,1.31,0,995,0
G0400130319909,Arizona,Maricopa County,319909,902.31,995.86,1001,31.02,3.44,7,0.7,9,0.9,21,1001,2.1
G0400130319910,Arizona,Maricopa County,319910,461,1355,1480,7,1.52,37,2.73,23,1.55,37,1480,2.5
G0400130320001,Arizona,Maricopa County,320001,1601,3116,3490,11,0.69,3,0.1,8,0.23,60,3490,1.72
G0400130320002,Arizona,Maricopa County,320002,1180.16,1198.47,1376,3.39,0.29,4.02,0.34,3,0.22,0,1376,0
G0400130320007,Arizona,Maricopa County,320007,2608,2739,3195,13,0.5,10,0.37,31,0.97,141,3195,4.41
G0400130320100,Arizona,Maricopa County,320100,1119,1028,1652,39,3.49,8,0.78,33,2,32,1652,1.94
G0400130420104,Arizona,Maricopa County,420104,1015,2586,3096,41,4.04,15,0.58,77,2.49,0,3096,0
G0400130420105,Arizona,Maricopa County,420105,814,1303,2045,23,2.83,9,0.69,145,7.09,46,2045,2.25
G0400130420107,Arizona,Maricopa County,420107,7.35,1113.24,2774,0,0,35,3.14,86,3.1,0,2774,0
G0400130420108,Arizona,Maricopa County,420108,129.65,286.76,552,0,0,2,0.7,23,4.17,0,552,0
G0400130420109,Arizona,Maricopa County,420109,342,515,1442,1,0.29,22,4.27,37,2.57,0,1442,0
G0400130420110,Arizona,Maricopa County,420110,383.11,984,1903,16.69,4.36,26,2.64,32,1.68,0,1903,0
G0400130420111,Arizona,Maricopa County,420111,990,1470,1364,48,4.85,5,0.34,37,2.71,126,1364,9.24
G0400130420112,Arizona,Maricopa County,420112,161.89,803,1213,3.31,2.04,37,4.61,38,3.13,17,1213,1.4
G0400130420113,Arizona,Maricopa County,420113,589,1132,1966,10,1.7,15,1.33,23,1.17,0,1966,0
G0400130420114,Arizona,Maricopa County,420114,985,1055,1293,42,4.26,16,1.52,40,3.09,0,1293,0
G0400130420115,Arizona,Maricopa County,420115,1269,1294,1484,28,2.21,4,0.31,49,3.3,130,1484,8.76
G0400130420116,Arizona,Maricopa County,420116,2055,2479,2114,66,3.21,13,0.52,25,1.18,16,2114,0.76
G0400130420202,Arizona,Maricopa County,420202,1933,2240,2620,53,2.74,32,1.43,69,2.63,52,2620,1.98
G0400130420206,Arizona,Maricopa County,420206,2474.57,3380,3097,89.46,3.62,64,1.89,139,4.49,130,3097,4.2
G0400130420207,Arizona,Maricopa County,420207,230.43,1282,1357,13.54,5.88,19,1.48,40,2.95,17,1357,1.25
G0400130420208,Arizona,Maricopa County,420208,1427.97,1847,1936,92,6.44,16,0.87,36,1.86,58,1936,3
G0400130420209,Arizona,Maricopa County,420209,2124.03,2155,2170,52,2.45,42,1.95,57,2.63,0,2170,0
G0400130420210,Arizona,Maricopa County,420210,1912,2107,2128,57,2.98,33,1.57,63,2.96,18,2128,0.85
G0400130420211,Arizona,Maricopa County,420211,91,1584,1769,7,7.69,22,1.39,36,2.04,0,1769,0
G0400130420212,Arizona,Maricopa County,420212,624,1391,1643,19,3.04,18,1.29,94,5.72,31,1643,1.89
G0400130420213,Arizona,Maricopa County,420213,3179,3161,3063,15,0.47,10,0.32,18,0.59,61,3063,1.99
G0400130420214,Arizona,Maricopa County,420214,2246,2315,2460,36,1.6,19,0.82,60,2.44,43,2460,1.75
G0400130420215,Arizona,Maricopa County,420215,605,632,661,10,1.65,4,0.63,21,3.18,88,661,13.31
G0400130420216,Arizona,Maricopa County,420216,822,1638,2263,38,4.62,48,2.93,45,1.99,51,2263,2.25
G0400130420301,Arizona,Maricopa County,420301,466,647,730,10,2.15,7,1.08,8,1.1,23,730,3.15
G0400130420302,Arizona,Maricopa County,420302,787.01,1586.01,1667,16,2.03,10,0.63,15,0.9,0,1667,0
G0400130420303,Arizona,Maricopa County,420303,883,1290,1383,23,2.6,22,1.71,23,1.66,0,1383,0
G0400130420304,Arizona,Maricopa County,420304,115,255,378,3,2.61,3,1.18,9,2.38,18,378,4.76
G0400130420401,Arizona,Maricopa County,420401,1748,1907,1844,57,3.26,71,3.72,74,4.01,62,1844,3.36
G0400130420402,Arizona,Maricopa County,420402,463,464,519,11,2.38,4,0.86,12,2.31,0,519,0
G0400130420501,Arizona,Maricopa County,420501,2359,2478,2642,14,0.59,5,0.2,35,1.32,0,2642,0
G0400130420503,Arizona,Maricopa County,420503,1305,1390,1414,15,1.15,10,0.72,19,1.34,0,1414,0
G0400130420504,Arizona,Maricopa County,420504,1262,1311,1310,38,3.01,8,0.61,22,1.68,26,1310,1.98
G0400130420602,Arizona,Maricopa County,420602,1532,1687,1702,20,1.31,6,0.36,29,1.7,0,1702,0
G0400130420603,Arizona,Maricopa County,420603,1280.99,1331.99,1355,21,1.64,11,0.83,21,1.55,0,1355,0
G0400130420604,Arizona,Maricopa County,420604,1476,1568,1644,38,2.57,10,0.64,27,1.64,0,1644,0
G0400130420704,Arizona,Maricopa County,420704,1312,1692,1749,28,2.13,4,0.24,24,1.37,132,1749,7.55
G0400130420705,Arizona,Maricopa County,420705,386,691,1117,16,4.15,16,2.32,27,2.42,0,1117,0
G0400130420706,Arizona,Maricopa County,420706,1010,1389,1467,44,4.36,10,0.72,30,2.04,41,1467,2.79
G0400130420707,Arizona,Maricopa County,420707,3184,3085,2138,28,0.88,44,1.43,19,0.89,49,2138,2.29
G0400130420708,Arizona,Maricopa County,420708,3849,3282,3258,96,2.49,25,0.76,27,0.83,0,3258,0
G0400130420709,Arizona,Maricopa County,420709,2793,2902,2739,58,2.08,52,1.79,46,1.68,0,2739,0
G0400130420710,Arizona,Maricopa County,420710,1101,1409,1695,31,2.82,33,2.34,21,1.24,0,1695,0
G0400130420800,Arizona,Maricopa County,420800,1793,1882,1842,20,1.12,8,0.43,55,2.99,15,1842,0.81
G0400130420901,Arizona,Maricopa County,420901,1190,1196,1232,7,0.59,3,0.25,18,1.46,0,1232,0
G0400130420902,Arizona,Maricopa County,420902,1281,1274,1272,42,3.28,11,0.86,39,3.07,60,1272,4.72
G0400130421001,Arizona,Maricopa County,421001,2001,1889,1900,17,0.85,8,0.42,10,0.53,0,1900,0
G0400130421002,Arizona,Maricopa County,421002,1241,1713,1627,36,2.9,5,0.29,27,1.66,21,1627,1.29
G0400130421101,Arizona,Maricopa County,421101,1523,1688,1748,41,2.69,31,1.84,24,1.37,32,1748,1.83
G0400130421102,Arizona,Maricopa County,421102,2324,2209,2325,7,0.3,14,0.63,26,1.12,0,2325,0
G0400130421201,Arizona,Maricopa County,421201,1585,1384,2670,16,1.01,10,0.72,29,1.09,0,2670,0
G0400130421202,Arizona,Maricopa County,421202,1548,2136,1619,49,3.17,19,0.89,33,2.04,106,1619,6.55
G0400130421302,Arizona,Maricopa County,421302,2390,2487,2475,60,2.51,17,0.68,25,1.01,0,2475,0
G0400130421303,Arizona,Maricopa County,421303,1904,1935,1871,18,0.95,15,0.78,32,1.71,53,1871,2.83
G0400130421304,Arizona,Maricopa County,421304,1287,1562,1547,2,0.16,3,0.19,1,0.06,24,1547,1.55
G0400130421400,Arizona,Maricopa County,421400,2008,1578,1511,29,1.44,3,0.19,16,1.06,20,1511,1.32
G0400130421501,Arizona,Maricopa County,421501,1540,1479,1461,23,1.49,2,0.14,19,1.3,82,1461,5.61
G0400130421502,Arizona,Maricopa County,421502,1271,1204,1195,10,0.79,7,0.58,23,1.92,35,1195,2.93
G0400130421601,Arizona,Maricopa County,421601,1159,1146,1145,16,1.38,4,0.35,21,1.83,11,1145,0.96
G0400130421602,Arizona,Maricopa County,421602,1439,1447,1404,22,1.53,7,0.48,18,1.28,55,1404,3.92
G0400130421701,Arizona,Maricopa County,421701,2027,2246,2352,46,2.27,22,0.98,51,2.17,0,2352,0
G0400130421702,Arizona,Maricopa County,421702,1849,1857,1704,35,1.89,31,1.67,27,1.58,27,1704,1.58
G0400130421801,Arizona,Maricopa County,421801,791,791,788,12,1.52,5,0.63,16,2.03,15,788,1.9
G0400130421802,Arizona,Maricopa County,421802,1410,1409,1393,39,2.77,4,0.28,29,2.08,26,1393,1.87
G0400130421901,Arizona,Maricopa County,421901,1241,1243,1249,7,0.56,0,0,18,1.44,25,1249,2
G0400130421902,Arizona,Maricopa County,421902,1736,1764,1812,12,0.69,8,0.45,30,1.66,0,1812,0
G0400130422001,Arizona,Maricopa County,422001,1195,1210,1333,15,1.26,8,0.66,27,2.03,14,1333,1.05
G0400130422002,Arizona,Maricopa County,422002,1428,1430,1473,14,0.98,4,0.28,14,0.95,16,1473,1.09
G0400130422102,Arizona,Maricopa County,422102,1784,2131,1885,36,2.02,46,2.16,46,2.44,58,1885,3.08
G0400130422103,Arizona,Maricopa County,422103,2505,2546,2668,7,0.28,5,0.2,5,0.19,36,2668,1.35
G0400130422104,Arizona,Maricopa County,422104,2774,2764,2770,9,0.32,9,0.33,30,1.08,0,2770,0
G0400130422105,Arizona,Maricopa County,422105,1323,1326,1367,30,2.27,8,0.6,15,1.1,0,1367,0
G0400130422106,Arizona,Maricopa County,422106,2315,2258,2404,17,0.73,5,0.22,9,0.37,38,2404,1.58
G0400130422107,Arizona,Maricopa County,422107,1983,1959,2003,20,1.01,8,0.41,31,1.55,116,2003,5.79
G0400130422203,Arizona,Maricopa County,422203,2515,2392,2395,42,1.67,9,0.38,24,1,98,2395,4.09
G0400130422204,Arizona,Maricopa County,422204,1450,1461,1439,17,1.17,4,0.27,13,0.9,0,1439,0
G0400130422205,Arizona,Maricopa County,422205,633,622,620,18,2.84,2,0.32,6,0.97,0,620,0
G0400130422209,Arizona,Maricopa County,422209,2283,2370,2950,35,1.53,9,0.38,66,2.24,38,2950,1.29
G0400130422210,Arizona,Maricopa County,422210,2037,2007,2083,27,1.33,12,0.6,43,2.06,0,2083,0
G0400130422211,Arizona,Maricopa County,422211,1007.69,1092.14,1204,20.98,2.08,5,0.46,9,0.75,67,1204,5.56
G0400130422212,Arizona,Maricopa County,422212,1822,1790,1789,42,2.31,10,0.56,18,1.01,0,1789,0
G0400130422213,Arizona,Maricopa County,422213,925.9,954.9,960,13,1.4,5,0.52,25,2.6,0,960,0
G0400130422215,Arizona,Maricopa County,422215,803,799,802,18,2.24,2,0.25,9,1.12,38,802,4.74
G0400130422216,Arizona,Maricopa County,422216,1486,1968,1985,15,1.01,8,0.41,29,1.46,24,1985,1.21
G0400130422217,Arizona,Maricopa County,422217,1626.01,1610.01,1608,32,1.97,22,1.37,36,2.24,19,1608,1.18
G0400130422218,Arizona,Maricopa County,422218,1241.84,1173.78,1193,10,0.81,2,0.17,14,1.17,117,1193,9.81
G0400130422219,Arizona,Maricopa County,422219,1314,1344,1347,40,3.04,10,0.74,10,0.74,0,1347,0
G0400130422220,Arizona,Maricopa County,422220,813.99,807.99,811,21,2.58,3,0.37,11,1.36,15,811,1.85
G0400130422221,Arizona,Maricopa County,422221,2049,2059,2063,26,1.27,5,0.24,25,1.21,40,2063,1.94
G0400130422222,Arizona,Maricopa County,422222,864,868,867,4,0.46,2,0.23,8,0.92,71,867,8.19
G0400130422301,Arizona,Maricopa County,422301,1622,2027,1750,19,1.17,6,0.3,40,2.29,0,1750,0
G0400130422302,Arizona,Maricopa County,422302,1948,1939,1945,29,1.49,5,0.26,27,1.39,76,1945,3.91
G0400130422304,Arizona,Maricopa County,422304,248.63,682,1334,6,2.41,11,1.61,14,1.05,0,1334,0
G0400130422305,Arizona,Maricopa County,422305,1095,2128,2397,81,7.4,20,0.94,49,2.04,0,2397,0
G0400130422307,Arizona,Maricopa County,422307,926.37,1830,1830,0,0,4,0.22,27,1.48,27,1830,1.48
G0400130422308,Arizona,Maricopa County,422308,724,1898,2092,12,1.66,9,0.47,48,2.29,58,2092,2.77
G0400130422309,Arizona,Maricopa County,422309,7,1747,2009,0,0,55,3.15,35,1.74,82,2009,4.08
G0400130422401,Arizona,Maricopa County,422401,834,1172,1448,3,0.36,15,1.28,31,2.14,0,1448,0
G0400130422402,Arizona,Maricopa County,422402,1490,1831,1865,25,1.68,13,0.71,36,1.93,141,1865,7.56
G0400130422403,Arizona,Maricopa County,422403,504,1824,1881,11,2.18,6,0.33,30,1.59,0,1881,0
G0400130422404,Arizona,Maricopa County,422404,531,1368,1517,14,2.64,5,0.37,48,3.16,33,1517,2.18
G0400130422501,Arizona,Maricopa County,422501,1773,2105,2028,43,2.43,20,0.95,46,2.27,19,2028,0.94
G0400130422502,Arizona,Maricopa County,422502,1934,1976,2079,50,2.59,14,0.71,32,1.54,0,2079,0
G0400130422503,Arizona,Maricopa County,422503,2252,2261,2349,39,1.73,9,0.4,39,1.66,61,2349,2.6
G0400130422504,Arizona,Maricopa County,422504,1023,1864,1953,35,3.42,6,0.32,30,1.54,0,1953,0
G0400130422506,Arizona,Maricopa County,422506,991,1903,1938,40,4.04,15,0.79,31,1.6,0,1938,0
G0400130422507,Arizona,Maricopa County,422507,610,1768,1811,55,9.02,21,1.19,29,1.6,17,1811,0.94
G0400130422508,Arizona,Maricopa County,422508,1372,1336,1359,49,3.57,4,0.3,20,1.47,0,1359,0
G0400130422509,Arizona,Maricopa County,422509,832,1876,1876,59,7.09,10,0.53,39,2.08,26,1876,1.39
G0400130422510,Arizona,Maricopa County,422510,142,888,1040,5,3.52,31,3.49,12,1.15,0,1040,0
G0400130422511,Arizona,Maricopa County,422511,165,827,1013,2,1.21,6,0.73,20,1.97,0,1013,0
G0400130422512,Arizona,Maricopa County,422512,25.68,1680,1702,0,0,18,1.07,38,2.23,0,1702,0
G0400130422513,Arizona,Maricopa County,422513,1357,1632,1759,39,2.87,19,1.16,62,3.52,61,1759,3.47
G0400130422514,Arizona,Maricopa County,422514,960,1383,1801,47,4.9,13,0.94,28,1.55,0,1801,0
G0400130422606,Arizona,Maricopa County,422606,230.32,1182,2732,4,1.74,26,2.2,69,2.53,41,2732,1.5
G0400130422607,Arizona,Maricopa County,422607,2558,3044,3164,50,1.95,31,1.02,66,2.09,38,3164,1.2
G0400130422609,Arizona,Maricopa County,422609,1378,1796,1887,32,2.32,14,0.78,48,2.54,37,1887,1.96
G0400130422610,Arizona,Maricopa County,422610,2627,2783,2625,86,3.27,53,1.9,46,1.75,0,2625,0
G0400130422615,Arizona,Maricopa County,422615,91.15,860,2602,4.57,5.01,22,2.56,61,2.34,0,2602,0
G0400130422616,Arizona,Maricopa County,422616,837.58,1161,2575,20.18,2.41,16,1.38,45,1.75,0,2575,0
G0400130422617,Arizona,Maricopa County,422617,4,1957,2020,0,0,31,1.58,61,3.02,0,2020,0
G0400130422618,Arizona,Maricopa County,422618,685.78,2387,2389,7.2,1.05,47,1.97,26,1.09,0,2389,0
G0400130422620,Arizona,Maricopa County,422620,128,721,1018,2,1.56,7,0.97,19,1.87,14,1018,1.38
G0400130422621,Arizona,Maricopa County,422621,41,842.53,1351,1,2.44,7,0.83,31,2.29,57,1351,4.22
G0400130422622,Arizona,Maricopa County,422622,218,1240.47,1487,10,4.59,19,1.53,23,1.55,0,1487,0
G0400130422623,Arizona,Maricopa County,422623,7,330,1558,0,0,6,1.82,45,2.89,0,1558,0
G0400130422624,Arizona,Maricopa County,422624,2828,3322,3062,35,1.24,75,2.26,39,1.27,8,3062,0.26
G0400130422625,Arizona,Maricopa County,422625,2108,1881,2416,76,3.61,72,3.83,73,3.02,9,2416,0.37
G0400130422626,Arizona,Maricopa County,422626,1983,2246,2278,48,2.42,21,0.93,63,2.77,0,2278,0
G0400130422627,Arizona,Maricopa County,422627,1826,1986,1971,59,3.23,43,2.17,52,2.64,0,1971,0
G0400130422628,Arizona,Maricopa County,422628,1633,1895,1897,36,2.2,25,1.32,48,2.53,0,1897,0
G0400130422629,Arizona,Maricopa County,422629,521,1358,1663,22,4.22,13,0.96,23,1.38,43,1663,2.59
G0400130422630,Arizona,Maricopa County,422630,1726,2677,2437,75,4.35,73,2.73,34,1.4,0,2437,0
G0400130422631,Arizona,Maricopa County,422631,125.8,820,1958,4.72,3.75,40,4.88,100,5.11,26,1958,1.33
G0400130422632,Arizona,Maricopa County,422632,927,1509,1992,17,1.83,32,2.12,55,2.76,0,1992,0
G0400130422633,Arizona,Maricopa County,422633,333,1015,1519,17,5.11,9,0.89,9,0.59,9,1519,0.59
G0400130422634,Arizona,Maricopa County,422634,1946,2200,2332,42,2.16,48,2.18,88,3.77,100,2332,4.29
G0400130422635,Arizona,Maricopa County,422635,708,1274,1832,22,3.11,17,1.33,12,0.66,0,1832,0
G0400130422636,Arizona,Maricopa County,422636,164,715,1273,25,15.24,7,0.98,8,0.63,52,1273,4.08
G0400130422637,Arizona,Maricopa County,422637,496,939,1172,40,8.06,3,0.32,24,2.05,59,1172,5.03
G0400130422638,Arizona,Maricopa County,422638,19,425,1729,0,0,5,1.18,26,1.5,37,1729,2.14
G0400130422639,Arizona,Maricopa County,422639,2555,3188,3139,71,2.78,58,1.82,76,2.42,11,3139,0.35
G0400130422640,Arizona,Maricopa County,422640,732.22,1515,2604,31.8,4.34,248,16.37,69,2.65,0,2604,0
G0400130422641,Arizona,Maricopa County,422641,27,1019,2071,0,0,10,0.98,54,2.61,44,2071,2.12
G0400130422642,Arizona,Maricopa County,422642,13,589,2179,1.47,11.31,87,14.77,52,2.39,113,2179,5.19
G0400130422643,Arizona,Maricopa County,422643,0.22,1056.84,1904,0.02,9.09,165.14,15.63,61,3.2,162,1904,8.51
G0400130422644,Arizona,Maricopa County,422644,0.25,212.16,3371,0.03,12,21.86,10.3,68,2.02,110,3371,3.26
G0400130422646,Arizona,Maricopa County,422646,0,0,2421,0,0,0,0,122,5.04,0,2421,0
G0400130522800,Arizona,Maricopa County,522800,701,745,690,0,0,20,2.68,0,0,24,690,3.48
G0400130522901,Arizona,Maricopa County,522901,1234,1737,2006,32,2.59,14,0.81,46,2.29,37,2006,1.84
G0400130522903,Arizona,Maricopa County,522903,1054.79,1478,1668,28.47,2.7,27,1.83,35,2.1,138,1668,8.27
G0400130522904,Arizona,Maricopa County,522904,947.21,1439,1503,14.53,1.53,10,0.69,53,3.53,22,1503,1.46
G0400130523002,Arizona,Maricopa County,523002,2016,2061,1972,22,1.09,12,0.58,46,2.33,0,1972,0
G0400130523003,Arizona,Maricopa County,523003,1893,2291,2804,34,1.8,15,0.65,82,2.92,65,2804,2.32
G0400130523005,Arizona,Maricopa County,523005,1190,1767,2060,22,1.85,6,0.34,30,1.46,0,2060,0
G0400130523006,Arizona,Maricopa County,523006,1694,2350,2387,25,1.48,24,1.02,73,3.06,0,2387,0
G0400130523102,Arizona,Maricopa County,523102,1053,1741,1785,3,0.28,21,1.21,34,1.9,0,1785,0
G0400130523103,Arizona,Maricopa County,523103,1250,2450,2601,10,0.8,7,0.29,22,0.85,0,2601,0
G0400130523104,Arizona,Maricopa County,523104,1590,2115,2509,21,1.32,8,0.38,32,1.28,0,2509,0
G0400130610000,Arizona,Maricopa County,610000,590.2,1533,2568,12,2.03,20,1.3,123,4.79,71,2568,2.76
G0400130610100,Arizona,Maricopa County,610100,66.68,118.79,566,1,1.5,5.36,4.51,15,2.65,0,566,0
G0400130610200,Arizona,Maricopa County,610200,15.13,424.61,3754,0,0,57.2,13.47,111,2.96,33,3754,0.88
G0400130610300,Arizona,Maricopa County,610300,16.25,382.53,3246,0,0,50.67,13.25,95,2.93,30,3246,0.92
G0400130610400,Arizona,Maricopa County,610400,1.91,63.49,1801,0,0,8.75,13.78,64,3.55,0,1801,0
G0400130610500,Arizona,Maricopa County,610500,455.48,1317.18,2606,8,1.76,34,2.58,88,3.38,0,2606,0
G0400130610600,Arizona,Maricopa County,610600,10.84,3.52,2220,2,18.45,0,0,55,2.48,18,2220,0.81
G0400130610700,Arizona,Maricopa County,610700,713.44,1620.89,2989,28,3.92,42.02,2.59,107,3.58,22,2989,0.74
G0400130610800,Arizona,Maricopa County,610800,2.07,51,1306,0,0,0,0,70,5.36,24,1306,1.84
G0400130610900,Arizona,Maricopa County,610900,263.98,708.78,2097,3,1.14,5,0.71,35,1.67,10,2097,0.48
G0400130611000,Arizona,Maricopa County,611000,0.16,0.31,837,0,0,0,0,37,4.42,50,837,5.97
G0400130611100,Arizona,Maricopa County,611100,3.86,6.69,1061,0,0,0,0,25,2.36,0,1061,0
G0400130611200,Arizona,Maricopa County,611200,27,600,1840,0,0,84,14,37,2.01,0,1840,0
G0400130611300,Arizona,Maricopa County,611300,0.51,8.22,2189,0,0,0,0,49,2.24,32,2189,1.46
G0400130611400,Arizona,Maricopa County,611400,0.1,718.67,2272,0.01,10,13.49,1.88,79,3.48,0,2272,0
G0400130611500,Arizona,Maricopa County,611500,4.75,148.33,1973,0.68,14.32,1.55,1.04,67,3.4,86,1973,4.36
G0400130611600,Arizona,Maricopa County,611600,19.1,279.44,1104,2.01,10.52,3.56,1.27,20,1.81,0,1104,0
G0400130611700,Arizona,Maricopa County,611700,508.42,1679,2303,9.29,1.83,13,0.77,59,2.56,51,2303,2.21
G0400130611800,Arizona,Maricopa County,611800,766.58,2461,2468,21.71,2.83,11,0.45,79,3.2,78,2468,3.16
G0400130611900,Arizona,Maricopa County,611900,54.05,123.56,944,1.31,2.42,3.39,2.74,26,2.75,0,944,0
G0400130612000,Arizona,Maricopa County,612000,35.71,146.68,1052,0,0,6,4.09,30,2.85,52,1052,4.94
G0400130612200,Arizona,Maricopa County,612200,11.67,2.28,1583,0,0,0,0,65,4.11,8,1583,0.51
G0400130612300,Arizona,Maricopa County,612300,89.08,188.06,3106,1,1.12,3,1.6,79,2.54,0,3106,0
G0400130612400,Arizona,Maricopa County,612400,11.03,1147.76,2716,0,0,11,0.96,52,1.91,59,2716,2.17
G0400130612500,Arizona,Maricopa County,612500,268.26,620,1741,1.81,0.67,19,3.06,31,1.78,26,1741,1.49
G0400130612600,Arizona,Maricopa County,612600,69.74,1065,1067,2.19,3.14,19,1.78,18,1.69,0,1067,0
G0400130612700,Arizona,Maricopa County,612700,44.09,961,967,9.16,20.78,10,1.04,11,1.14,23,967,2.38
G0400130612800,Arizona,Maricopa County,612800,67.91,889,902,1.84,2.71,6,0.67,28,3.1,0,902,0
G0400130612900,Arizona,Maricopa County,612900,55,863,988,2,3.64,18,2.09,13,1.32,56,988,5.67
G0400130613000,Arizona,Maricopa County,613000,292,754,1226,6,2.05,17,2.25,36,2.94,0,1226,0
G0400130613100,Arizona,Maricopa County,613100,37,1540,1641,0,0,31,2.01,37,2.25,7,1641,0.43
G0400130613200,Arizona,Maricopa County,613200,551,1175,1441,10,1.81,18,1.53,33,2.29,42,1441,2.91
G0400130613300,Arizona,Maricopa County,613300,274,2063,2611,5,1.82,22,1.07,47,1.8,0,2611,0
G0400130613400,Arizona,Maricopa County,613400,27,1356.22,1553,3,11.11,21,1.55,42,2.7,0,1553,0
G0400130613500,Arizona,Maricopa County,613500,13,563,1737,5,38.46,31,5.51,61,3.51,50,1737,2.88
G0400130613600,Arizona,Maricopa County,613600,121.94,1190,1606,4,3.28,2,0.17,46,2.86,162,1606,10.09
G0400130613700,Arizona,Maricopa County,613700,22.06,439,1765,0,0,45,10.25,43,2.44,33,1765,1.87
G0400130613800,Arizona,Maricopa County,613800,264,1157,1418,6,2.27,25,2.16,32,2.26,0,1418,0
G0400130613900,Arizona,Maricopa County,613900,44,998,2075,2,4.55,33,3.31,35,1.69,45,2075,2.17
G0400130614000,Arizona,Maricopa County,614000,15,1543,1574,0,0,4,0.26,39,2.48,65,1574,4.13
G0400130614100,Arizona,Maricopa County,614100,8,2112,2180,0,0,35,1.66,35,1.61,0,2180,0
G0400130614200,Arizona,Maricopa County,614200,74.01,1931,1991,7,9.46,20,1.04,37,1.86,17,1991,0.85
G0400130614300,Arizona,Maricopa County,614300,65,1268.23,1335,11,16.92,17,1.34,32,2.4,41,1335,3.07
G0400130614400,Arizona,Maricopa County,614400,557,1332.77,1477,4,0.72,5,0.38,29,1.96,16,1477,1.08
G0400130614500,Arizona,Maricopa County,614500,652,1558,1745,7,1.07,4,0.26,57,3.27,0,1745,0
G0400130614600,Arizona,Maricopa County,614600,1252,3047,3055,40,3.19,18,0.59,39,1.28,0,3055,0
G0400130614700,Arizona,Maricopa County,614700,1550.78,1773.76,1491,36.03,2.32,6,0.34,16,1.07,22,1491,1.48
G0400130614800,Arizona,Maricopa County,614800,1435,1823,1834,64,4.46,13,0.71,60,3.27,25,1834,1.36
G0400130614900,Arizona,Maricopa County,614900,117.85,1181.48,1548,9.98,8.47,17,1.44,26,1.68,30,1548,1.94
G0400130615000,Arizona,Maricopa County,615000,23.34,420,3175,1.26,5.4,20,4.76,218,6.87,102,3175,3.21
G0400130615100,Arizona,Maricopa County,615100,107.5,1232,1358,5.8,5.4,4,0.32,45,3.31,23,1358,1.69
G0400130615200,Arizona,Maricopa County,615200,74.15,1366,3802,3.94,5.31,16,1.17,120,3.16,0,3802,0
G0400130615300,Arizona,Maricopa County,615300,561,1191,1630,19,3.39,41,3.44,32,1.96,0,1630,0
G0400130615400,Arizona,Maricopa County,615400,1788.91,1797.97,1841,37,2.07,27,1.5,24,1.3,9,1841,0.49
G0400130615500,Arizona,Maricopa County,615500,1839.09,2173.03,2252,95,5.17,43,1.98,60,2.66,16,2252,0.71
G0400130615600,Arizona,Maricopa County,615600,1,1719,2412,0,0,15,0.87,33,1.37,15,2412,0.62
G0400130615700,Arizona,Maricopa County,615700,350,1200,1214,85,24.29,7,0.58,21,1.73,34,1214,2.8
G0400130615800,Arizona,Maricopa County,615800,1237,2012,2177,72,5.82,46,2.29,41,1.88,8,2177,0.37
G0400130615900,Arizona,Maricopa County,615900,9,1062,1886,0,0,4,0.38,19,1.01,144,1886,7.64
G0400130616000,Arizona,Maricopa County,616000,39,653,696,0,0,6,0.92,8,1.15,88,696,12.64
G0400130616100,Arizona,Maricopa County,616100,866.73,1215,1508,35.36,4.08,11,0.91,30,1.99,0,1508,0
G0400130616200,Arizona,Maricopa County,616200,1014.27,1279,1281,43.64,4.3,9,0.7,24,1.87,13,1281,1.01
G0400130616300,Arizona,Maricopa County,616300,404,589,789,20,4.95,10,1.7,15,1.9,49,789,6.21
G0400130616400,Arizona,Maricopa County,616400,2038,2734,3055,84,4.12,51,1.87,52,1.7,0,3055,0
G0400130616500,Arizona,Maricopa County,616500,1075.22,1068.24,1701,28.97,2.69,4,0.37,21,1.23,17,1701,1
G0400130616600,Arizona,Maricopa County,616600,1990,2119,2228,73,3.67,19,0.9,75,3.37,0,2228,0
G0400130616700,Arizona,Maricopa County,616700,1712,1964,1969,53,3.1,12,0.61,46,2.34,16,1969,0.81
G0400130616800,Arizona,Maricopa County,616800,2069,2306,2353,69,3.33,21,0.91,77,3.27,22,2353,0.93
G0400130616900,Arizona,Maricopa County,616900,377.15,1076.52,2224,29.02,7.69,26,2.42,93,4.18,10,2224,0.45
G0400130617000,Arizona,Maricopa County,617000,1725,2490,2788,67,3.88,43,1.73,63,2.26,0,2788,0
G0400130617100,Arizona,Maricopa County,617100,144.83,1052.74,942,4.95,3.42,4.91,0.47,25,2.65,19,942,2.02
G0400130617200,Arizona,Maricopa County,617200,180.05,962,1055,6.77,3.76,2,0.21,17,1.61,24,1055,2.27
G0400130617300,Arizona,Maricopa County,617300,445.93,1254.26,1416,12.89,2.89,3.09,0.25,22,1.55,24,1416,1.69
G0400130617400,Arizona,Maricopa County,617400,2476.65,3558.18,4368,94.05,3.8,77.04,2.17,114,2.61,0,4368,0
G0400130617500,Arizona,Maricopa County,617500,1876,2200,2297,29,1.55,23,1.05,48,2.09,30,2297,1.31
G0400130617600,Arizona,Maricopa County,617600,926,2247,2834,38,4.1,12,0.53,38,1.34,28,2834,0.99
G0400130617700,Arizona,Maricopa County,617700,236,1731,1731,8,3.39,1,0.06,5,0.29,0,1731,0
G0400130617800,Arizona,Maricopa County,617800,596,919,953,18,3.02,3,0.33,18,1.89,33,953,3.46
G0400130617900,Arizona,Maricopa County,617900,411,819,1105,22,5.35,4,0.49,11,1,26,1105,2.35
G0400130618000,Arizona,Maricopa County,618000,961,1602,1648,20,2.08,24,1.5,38,2.31,26,1648,1.58
G0400130618100,Arizona,Maricopa County,618100,1673,1708,1719,42,2.51,17,1,33,1.92,0,1719,0
G0400130618200,Arizona,Maricopa County,618200,1582,1611,1608,41,2.59,7,0.43,34,2.11,0,1608,0
G0400130618300,Arizona,Maricopa County,618300,1148,1143,1145,25,2.18,4,0.35,29,2.53,16,1145,1.4
G0400130618400,Arizona,Maricopa County,618400,1479,1466,1468,29,1.96,7,0.48,30,2.04,0,1468,0
G0400130618500,Arizona,Maricopa County,618500,1533,1686,1714,18,1.17,6,0.36,51,2.98,12,1714,0.7
G0400130618600,Arizona,Maricopa County,618600,1764,1691,1684,80,4.54,28,1.66,27,1.6,46,1684,2.73
G0400130618700,Arizona,Maricopa County,618700,801,1030,1034,21,2.62,11,1.07,35,3.38,0,1034,0
G0400130618800,Arizona,Maricopa County,618800,2451,2468,2334,39,1.59,10,0.41,24,1.03,8,2334,0.34
G0400130618900,Arizona,Maricopa County,618900,2288,2936,3055,42,1.84,11,0.37,44,1.44,0,3055,0
G0400130619000,Arizona,Maricopa County,619000,913,1456,1569,33,3.61,16,1.1,39,2.49,14,1569,0.89
G0400130619100,Arizona,Maricopa County,619100,1559,1548,1556,0,0,1,0.06,9,0.58,20,1556,1.29
G0400130619200,Arizona,Maricopa County,619200,1503,2117,2290,18,1.2,10,0.47,34,1.48,0,2290,0
G0400130619300,Arizona,Maricopa County,619300,1707,1863,2112,86,5.04,24,1.29,97,4.59,13,2112,0.62
G0400130619400,Arizona,Maricopa County,619400,953,1273,2205,36,3.78,14,1.1,70,3.17,0,2205,0
G0400130619500,Arizona,Maricopa County,619500,1596,1768,2170,55,3.45,14,0.79,62,2.86,0,2170,0
G0400130619600,Arizona,Maricopa County,619600,803,788,788,18,2.24,4,0.51,26,3.3,0,788,0
G0400130619700,Arizona,Maricopa County,619700,893,1422,1497,18,2.02,23,1.62,29,1.94,68,1497,4.54
G0400130619800,Arizona,Maricopa County,619800,746,2065,2113,0,0,6,0.29,31,1.47,0,2113,0
G0400130619900,Arizona,Maricopa County,619900,590.19,2291,2354,22.39,3.79,4,0.17,20,0.85,0,2354,0
G0400130723303,Arizona,Maricopa County,723303,1.18,13.48,13,0.21,17.8,0.32,2.37,0,0,49,13,376.92
G0400130723304,Arizona,Maricopa County,723304,612.59,853.7,1515,11.11,1.81,15,1.76,56,3.7,41,1515,2.71
G0400130723305,Arizona,Maricopa County,723305,1096.27,1041.54,1174,6,0.55,26,2.5,13,1.11,20,1174,1.7
G0400130723306,Arizona,Maricopa County,723306,69.73,78.46,76,7,10.04,1,1.27,3,3.95,15,76,19.74
G0400130723307,Arizona,Maricopa County,723307,13.85,160.72,818,2.49,17.98,6.1,3.8,28,3.42,0,818,0
G0400130723308,Arizona,Maricopa County,723308,129.39,954.1,3050,16.19,12.51,37.58,3.94,120,3.93,32,3050,1.05
G0400130810000,Arizona,Maricopa County,810000,20,550,665,0,0,2,0.36,17,2.56,30,665,4.51
G0400130810100,Arizona,Maricopa County,810100,2021.51,2418.51,2440,47.17,2.33,22,0.91,32,1.31,0,2440,0
G0400130810200,Arizona,Maricopa County,810200,652.35,1372.37,1436,15,2.3,2,0.15,8,0.56,0,1436,0
G0400130810300,Arizona,Maricopa County,810300,1731.47,2439.12,2519,25.98,1.5,15,0.61,40,1.59,0,2519,0
G0400130810400,Arizona,Maricopa County,810400,593,1947,1969,8,1.35,10,0.51,13,0.66,22,1969,1.12
G0400130810500,Arizona,Maricopa County,810500,560,2077,2172,18,3.21,5,0.24,92,4.24,0,2172,0
G0400130810600,Arizona,Maricopa County,810600,1005.67,2533,2647,16.85,1.68,10,0.39,39,1.47,143,2647,5.4
G0400130810700,Arizona,Maricopa County,810700,1490.9,2974.01,2944,19.1,1.28,12.07,0.41,23,0.78,53,2944,1.8
G0400130810800,Arizona,Maricopa County,810800,282.1,1473.99,1722,10.9,3.86,5.93,0.4,12,0.7,21,1722,1.22
G0400130810900,Arizona,Maricopa County,810900,1059,2253,2343,14,1.32,18,0.8,37,1.58,30,2343,1.28
G0400130811000,Arizona,Maricopa County,811000,646,938,981,17,2.63,6,0.64,7,0.71,37,981,3.77
G0400130811100,Arizona,Maricopa County,811100,814,793,894,14,1.72,7,0.88,17,1.9,47,894,5.26
G0400130811200,Arizona,Maricopa County,811200,123,364,1356,1,0.81,1,0.27,38,2.8,22,1356,1.62
G0400130811300,Arizona,Maricopa County,811300,193,973,1021,5,2.59,3,0.31,17,1.67,36,1021,3.53
G0400130811400,Arizona,Maricopa County,811400,137,1942,1854,5,3.65,11,0.57,33,1.78,0,1854,0
G0400130811500,Arizona,Maricopa County,811500,7,664,883,0,0,21,3.16,15,1.7,23,883,2.6
G0400130811600,Arizona,Maricopa County,811600,688,1256,1644,13,1.89,18,1.43,34,2.07,19,1644,1.16
G0400130811700,Arizona,Maricopa County,811700,1229,1831,1859,78,6.35,51,2.79,33,1.78,40,1859,2.15
G0400130811800,Arizona,Maricopa County,811800,19,167,801,0,0,9,5.39,13,1.62,19,801,2.37
G0400130811900,Arizona,Maricopa County,811900,32,1520,2295,3,9.38,18,1.18,34,1.48,49,2295,2.14
G0400130812000,Arizona,Maricopa County,812000,386,437,1455,15,3.89,14,3.2,34,2.34,20,1455,1.37
G0400130812100,Arizona,Maricopa County,812100,176.16,662.02,2239,0.9,0.51,8,1.21,57,2.55,31,2239,1.38
G0400130812200,Arizona,Maricopa County,812200,42,1604,2478,0,0,5,0.31,42,1.69,117,2478,4.72
G0400130812300,Arizona,Maricopa County,812300,31,627,1638,1,3.23,14,2.23,28,1.71,0,1638,0
G0400130812400,Arizona,Maricopa County,812400,129.84,141.98,2302,0.1,0.08,0,0,52,2.26,0,2302,0
G0400130812500,Arizona,Maricopa County,812500,14,13,708,1,7.14,0,0,18,2.54,0,708,0
G0400130812600,Arizona,Maricopa County,812600,173,1664,2061,14,8.09,33,1.98,40,1.94,0,2061,0
G0400130812700,Arizona,Maricopa County,812700,13,1428,2288,0,0,31,2.17,44,1.92,35,2288,1.53
G0400130812800,Arizona,Maricopa County,812800,74,101,1462,0,0,1,0.99,47,3.21,0,1462,0
G0400130812900,Arizona,Maricopa County,812900,0,723,1191,0,0,24,3.32,25,2.1,48,1191,4.03
G0400130813000,Arizona,Maricopa County,813000,138,993,1453,5,3.62,14,1.41,115,7.91,114,1453,7.85
G0400130813100,Arizona,Maricopa County,813100,27,31,766,0,0,2,6.45,12,1.57,0,766,0
G0400130813200,Arizona,Maricopa County,813200,17,164,1180,0,0,24,14.63,26,2.2,0,1180,0
G0400130813300,Arizona,Maricopa County,813300,54,79,1562,1,1.85,1,1.27,52,3.33,33,1562,2.11
G0400130813400,Arizona,Maricopa County,813400,24,24,1263,0,0,0,0,33,2.61,8,1263,0.63
G0400130813500,Arizona,Maricopa County,813500,139,234,903,1,0.72,0,0,38,4.21,0,903,0
G0400130813600,Arizona,Maricopa County,813600,51,94,1017,0,0,1,1.06,28,2.75,17,1017,1.67
G0400130813700,Arizona,Maricopa County,813700,885,1739,1744,19,2.15,17,0.98,24,1.38,25,1744,1.43
G0400130813800,Arizona,Maricopa County,813800,38,2266,2377,4,10.53,81,3.57,44,1.85,59,2377,2.48
G0400130813900,Arizona,Maricopa County,813900,2,312,1802,0,0,54,17.31,56,3.11,0,1802,0
G0400130814000,Arizona,Maricopa County,814000,5,0,967,0,0,0,0,17,1.76,45,967,4.65
G0400130814100,Arizona,Maricopa County,814100,5,7,1821,0,0,0,0,53,2.91,28,1821,1.54
G0400130814200,Arizona,Maricopa County,814200,318,997,1041,20,6.29,8,0.8,21,2.02,18,1041,1.73
G0400130814300,Arizona,Maricopa County,814300,212,1307,1413,8,3.77,11,0.84,19,1.34,80,1413,5.66
G0400130814400,Arizona,Maricopa County,814400,16,1419,1738,0,0,12,0.85,42,2.42,0,1738,0
G0400130814500,Arizona,Maricopa County,814500,0,1284,1807,0,0,18,1.4,57,3.15,0,1807,0
G0400130814600,Arizona,Maricopa County,814600,79,1225,1583,0,0,15,1.22,43,2.72,73,1583,4.61
G0400130814700,Arizona,Maricopa County,814700,2,754,1449,0,0,32,4.24,51,3.52,72,1449,4.97
G0400130814800,Arizona,Maricopa County,814800,21,47,2120,0,0,0,0,119,5.61,22,2120,1.04
G0400130814900,Arizona,Maricopa County,814900,295,1008,1063,9,3.05,5,0.5,18,1.69,181,1063,17.03
G0400130815000,Arizona,Maricopa County,815000,12,741,1297,0,0,62,8.37,15,1.16,0,1297,0
G0400130815100,Arizona,Maricopa County,815100,23,356,1569,0,0,77,21.63,79,5.04,39,1569,2.49
G0400130815200,Arizona,Maricopa County,815200,92,90,2592,0,0,0,0,66,2.55,33,2592,1.27
G0400130815300,Arizona,Maricopa County,815300,62.48,93.33,1115,0,0,15,16.07,13,1.17,14,1115,1.26
G0400130815400,Arizona,Maricopa County,815400,198.52,273.67,2282,0,0,2,0.73,66,2.89,29,2282,1.27
G0400130815500,Arizona,Maricopa County,815500,128,163,2580,0,0,1,0.61,27,1.05,81,2580,3.14
G0400130815600,Arizona,Maricopa County,815600,15.04,34,1665,1,6.65,3,8.82,58,3.48,14,1665,0.84
G0400130815700,Arizona,Maricopa County,815700,3.96,204,1800,0,0,33,16.18,37,2.06,68,1800,3.78
G0400130815800,Arizona,Maricopa County,815800,10,1,1629,0,0,0,0,60,3.68,106,1629,6.51
G0400130815900,Arizona,Maricopa County,815900,119,184,1861,1,0.84,0,0,65,3.49,19,1861,1.02
G0400130816000,Arizona,Maricopa County,816000,177,361,2563,6,3.39,7,1.94,176,6.87,27,2563,1.05
G0400130816100,Arizona,Maricopa County,816100,0,0,2119,0,0,0,0,53,2.5,0,2119,0
G0400130816200,Arizona,Maricopa County,816200,0,0,1283,0,0,0,0,23,1.79,20,1283,1.56
G0400130816300,Arizona,Maricopa County,816300,3.86,214,2288,0,0,76,35.51,27,1.18,0,2288,0
G0400130816400,Arizona,Maricopa County,816400,30.42,139,2323,2,6.57,0,0,90,3.87,79,2323,3.4
G0400130816500,Arizona,Maricopa County,816500,210.72,359,1316,1,0.47,6,1.67,25,1.9,68,1316,5.17
G0400130816600,Arizona,Maricopa County,816600,9.19,7.44,1184,0,0,0,0,37,3.13,0,1184,0
G0400130816700,Arizona,Maricopa County,816700,3.81,4.56,683,0,0,0,0,44,6.44,22,683,3.22
G0400130816800,Arizona,Maricopa County,816800,30,62,885,0,0,1,1.61,37,4.18,0,885,0
G0400130816900,Arizona,Maricopa County,816900,134,161,1037,3,2.24,0,0,53,5.11,28,1037,2.7
G0400130817000,Arizona,Maricopa County,817000,202,422,1094,3,1.49,5,1.18,43,3.93,52,1094,4.75
G0400130817100,Arizona,Maricopa County,817100,130,140,2877,7,5.38,3,2.14,85,2.95,83,2877,2.88
G0400130817200,Arizona,Maricopa County,817200,476,1021,1934,17,3.57,17,1.67,67,3.46,44,1934,2.28
G0400130817300,Arizona,Maricopa County,817300,16,1332,3612,0,0,13,0.98,36,1,0,3612,0
G0400130817400,Arizona,Maricopa County,817400,2077,2130,2159,64,3.08,32,1.5,67,3.1,44,2159,2.04
G0400130817500,Arizona,Maricopa County,817500,1843,2046,2061,63,3.42,32,1.56,34,1.65,0,2061,0
G0400130817600,Arizona,Maricopa County,817600,161,245,308,0,0,1,0.41,9,2.92,0,308,0
G0400130940700,Arizona,Maricopa County,940700,31,49,58,1,3.23,0,0,0,0,0,58,0
G0400130941000,Arizona,Maricopa County,941000,745,674,819,1,0.13,0,0,2,0.24,20,819,2.44
G0400130941100,Arizona,Maricopa County,941100,13,11,16,0,0,0,0,0,0,53,16,331.25
G0400130941200,Arizona,Maricopa County,941200,165,275,308,2,1.21,0,0,1,0.32,51,308,16.56
G0400130941300,Arizona,Maricopa County,941300,2130.53,2515.42,2609,59.79,2.81,32.99,1.31,36,1.38,28,2609,1.07
G0400130980100,Arizona,Maricopa County,980100,115,0,0,0,0,0,0,0,0,54,0,0
G0400130980400,Arizona,Maricopa County,980400,1,5,6,0,0,0,0,1,16.67,59,6,983.33
G0400130980500,Arizona,Maricopa County,980500,0,3,0,0,0,0,0,0,0,49,0,0
G0400130980600,Arizona,Maricopa County,980600,0,0,0,0,0,0,0,0,0,0,0,0
G0400130980700,Arizona,Maricopa County,980700,0,10,3,0,0,0,0,0,0,17,3,566.67